name,disciplines,plus_options,plans,min_plan,district,street,link,metadata,latitude,longitude,description
Fitness First Freiburg,"['Dance', 'Fitness', 'Indoor Cycling']",False,"['Classic', 'Premium', 'Max']",Classic,Neuburg,Auf der Zinnen 1,https://urbansportsclub.com//en/venues/fitness-first-freiburg,"{'@context': 'http://schema.org', '@type': 'LocalBusiness', 'name': ' Fitness First Freiburg', 'description': 'Fitness First freut sich auf dich!', 'address': {'@type': 'PostalAddress', 'addressLocality': 'Freiburg, Germany', 'addressCountry': 'Germany', 'postalCode': '79098', 'streetAddress': 'Auf der Zinnen 1'}, 'telephone': '', 'geo': {'@type': 'GeoCoordinates', 'latitude': '47.9974735', 'longitude': '7.8541639'}, 'priceRange': '-', 'image': 'https://storage.googleapis.com/download/storage/v1/b/usc-pro-uscweb-live-media/o/de-live%2Foriginal_640x360_muagdmcyxiym6qxvbx9x_1727075109523245.png?generation=1727075109580990&amp;alt=media'}",47.9974735,7.8541639,Fitness First freut sich auf dich!
Strandbad - Freibad,['Swimming'],False,"['Essential', 'Classic', 'Premium', 'Max']",Essential,Waldsee,Schwarzwaldstraße 195,https://urbansportsclub.com//en/venues/strandbad-freibad,"{'@context': 'http://schema.org', '@type': 'LocalBusiness', 'name': 'Strandbad - Freibad', 'description': '', 'address': {'@type': 'PostalAddress', 'addressLocality': 'Freiburg, Germany', 'addressCountry': 'Germany', 'postalCode': '79117', 'streetAddress': 'Schwarzwaldstraße 195'}, 'telephone': '+44 7612 105560', 'geo': {'@type': 'GeoCoordinates', 'latitude': '47.9877383', 'longitude': '7.8947645'}, 'priceRange': '-', 'image': 'https://storage.googleapis.com/download/storage/v1/b/usc-pro-uscweb-live-media/o/venues%2Foriginal_640x360_c6g1kkisue08udfg55bn_175682094131596.png?generation=1756820941079594&amp;alt=media'}",47.9877383,7.8947645,
Soma Yoga Freiburg,['Yoga'],False,"['Classic', 'Premium', 'Max']",Classic,Mitte,Hebelstraße 23a (Hinterhaus),https://urbansportsclub.com//en/venues/soma-yoga-freiburg,"{'@context': 'http://schema.org', '@type': 'LocalBusiness', 'name': 'Soma Yoga Freiburg', 'description': '', 'address': {'@type': 'PostalAddress', 'addressLocality': 'Freiburg, Germany', 'addressCountry': 'Germany', 'postalCode': '79104', 'streetAddress': 'Hebelstraße 23a (Hinterhaus)'}, 'telephone': '+44 17662519121', 'geo': {'@type': 'GeoCoordinates', 'latitude': '48.0005814', 'longitude': '7.8475903'}, 'priceRange': '-', 'image': 'https://storage.googleapis.com/download/storage/v1/b/usc-pro-uscweb-live-media/o/de-live%2Foriginal_640x360_fsztfibtevgqmiq0yvel_1728384449318265.png?generation=1728384449469834&amp;alt=media'}",48.0005814,7.8475903,
UPJOY,['Bouldering'],False,"['Classic', 'Premium', 'Max']",Classic,Villingen,Wilhelm-Binder-Straße,https://urbansportsclub.com//en/venues/upjoy,"{'@context': 'http://schema.org', '@type': 'LocalBusiness', 'name': 'UPJOY', 'description': 'Deine Stadt. Dein Sport. Deine Halle. Wir bieten euch ein tolles Bouldererlebnis mit unterschiedlichen Schwierigkeitsstufen an, damit Einsteiger, Fortgeschrittene und Spitzenathleten anspruchsvoll und abwechslungsreich trainieren können. Um euch immer etwas Neues zu bieten, schrauben wir regelmäßig um. Ihr könnt euer Können aber auch an Deutschlands höchster Himmelsleiter oder in unserem umfangreich ausgestatteten Trainingsraum unter Beweis stellen. Von Technik- bis Ninja-Training ist alles möglich.', 'address': {'@type': 'PostalAddress', 'addressLocality': 'Freiburg, Germany', 'addressCountry': 'Germany', 'postalCode': '78048', 'streetAddress': 'Wilhelm-Binder-Straße 15'}, 'telephone': '', 'geo': {'@type': 'GeoCoordinates', 'latitude': '48.06416', 'longitude': '8.4565556'}, 'priceRange': '-', 'image': 'https://storage.googleapis.com/download/storage/v1/b/usc-pro-uscweb-live-media/o/de-live%2Foriginal_3000x1688_DSC09760_1576853395261715_admin.jpg?alt=media'}",48.06416,8.4565556,"Deine Stadt. Dein Sport. Deine Halle. Wir bieten euch ein tolles Bouldererlebnis mit unterschiedlichen Schwierigkeitsstufen an, damit Einsteiger, Fortgeschrittene und Spitzenathleten anspruchsvoll und abwechslungsreich trainieren können. Um euch immer etwas Neues zu bieten, schrauben wir regelmäßig um. Ihr könnt euer Können aber auch an Deutschlands höchster Himmelsleiter oder in unserem umfangreich ausgestatteten Trainingsraum unter Beweis stellen. Von Technik- bis Ninja-Training ist alles möglich."
Cryowell Kältesauna Freiburg Evelin Dräger,['Cryotherapy'],True,"['Premium', 'Max']",Premium,Vauban,Weierweg 10,https://urbansportsclub.com//en/venues/mohamed-drager-cryowell-kaltesauna,"{'@context': 'http://schema.org', '@type': 'LocalBusiness', 'name': 'Cryowell Kältesauna Freiburg Evelin Dräger', 'description': 'Fit &amp; schlank in 120 Sekunden Wir arbeiten mit der innovativsten, effektivsten und sichersten Kältesauna, die es aktuell auf dem Markt gibt. Im Sport- und Fitnessbereich sorgt die Kältesauna vor allem für eine beschleunigte Regeneration in intensiven Trainingsphasen. Durch die starke Abkühlung von –110 Grad wird die Durchblutung als auch die Sauerstoffanreicherung im Blut erhöht, wodurch sich die Leistungsfähigkeit, vergleichbar mit einem Höhentraining, verbessert. Außerdem erfolgt eine Detoxifikation im Körper, die insbesondere den Abbau von Laktat beschleunigt. Der Muskelaufbau wird unterstützt und das Immunsystem gestärkt. Auf Beautyebene führt der Gang in die Kältesauna zur Straffung der Haut und des Gewebes. Durch die erhöhte Kollagenproduktion erfolgt eine Falten- und Celluliteminderung. Außerdem bewirkt jede Sitzung eine signifikante Kalorienverbrennung von circa 600 kcal, was die Fett- und Gewichtsreduktion unterstützt. Akne und andere Hautirritationen werden zusätzlich dermatologisch verbessert. Wir empfangen dich in moderner und freundlicher Umgebung, die zu einer Behandlung in Wohlfühlatmosphäre beiträgt. Das cryowell Team freut sich auf deinen Besuch. Überzeuge dich selbst von der Kraft der Kälte!', 'address': {'@type': 'PostalAddress', 'addressLocality': 'Freiburg, Germany', 'addressCountry': 'Germany', 'postalCode': '79111', 'streetAddress': 'Weierweg 10'}, 'telephone': '', 'geo': {'@type': 'GeoCoordinates', 'latitude': '47.9731542', 'longitude': '7.8182111'}, 'priceRange': '-', 'image': 'https://storage.googleapis.com/download/storage/v1/b/usc-pro-uscweb-live-media/o/de-live%2Foriginal_1200x675_IMG_9150_1585659219229392_admin.jpeg?alt=media'}",47.9731542,7.8182111,"Fit &amp; schlank in 120 Sekunden Wir arbeiten mit der innovativsten, effektivsten und sichersten Kältesauna, die es aktuell auf dem Markt gibt. Im Sport- und Fitnessbereich sorgt die Kältesauna vor allem für eine beschleunigte Regeneration in intensiven Trainingsphasen. Durch die starke Abkühlung von –110 Grad wird die Durchblutung als auch die Sauerstoffanreicherung im Blut erhöht, wodurch sich die Leistungsfähigkeit, vergleichbar mit einem Höhentraining, verbessert. Außerdem erfolgt eine Detoxifikation im Körper, die insbesondere den Abbau von Laktat beschleunigt. Der Muskelaufbau wird unterstützt und das Immunsystem gestärkt. Auf Beautyebene führt der Gang in die Kältesauna zur Straffung der Haut und des Gewebes. Durch die erhöhte Kollagenproduktion erfolgt eine Falten- und Celluliteminderung. Außerdem bewirkt jede Sitzung eine signifikante Kalorienverbrennung von circa 600 kcal, was die Fett- und Gewichtsreduktion unterstützt. Akne und andere Hautirritationen werden zusätzlich dermatologisch verbessert. Wir empfangen dich in moderner und freundlicher Umgebung, die zu einer Behandlung in Wohlfühlatmosphäre beiträgt. Das cryowell Team freut sich auf deinen Besuch. Überzeuge dich selbst von der Kraft der Kälte!"
@ Simonn Yoga Studio,['Yoga'],False,"['Classic', 'Premium', 'Max']",Classic,Altstadt,Erbprinzenstraße 6,https://urbansportsclub.com//en/venues/hamsa-yoga-studio,"{'@context': 'http://schema.org', '@type': 'LocalBusiness', 'name': '@ Simonn Yoga Studio', 'description': '', 'address': {'@type': 'PostalAddress', 'addressLocality': 'Freiburg, Germany', 'addressCountry': 'Germany', 'postalCode': '79098', 'streetAddress': 'Erbprinzenstraße 6'}, 'telephone': '', 'geo': {'@type': 'GeoCoordinates', 'latitude': '47.9920644', 'longitude': '7.846481'}, 'priceRange': '-', 'image': 'https://storage.googleapis.com/download/storage/v1/b/usc-pro-uscweb-live-media/o/venues%2Foriginal_1024x576_eopplabafnux98uyk9ij_1764087707960130.png?generation=1764087708079321&amp;alt=media'}",47.9920644,7.846481,
B3 Vital,['Fitness'],False,"['Essential', 'Classic', 'Premium', 'Max']",Essential,Bad Krozingen,Freiburger Str. 11,https://urbansportsclub.com//en/venues/b3-vital,"{'@context': 'http://schema.org', '@type': 'LocalBusiness', 'name': 'B3 Vital', 'description': '.', 'address': {'@type': 'PostalAddress', 'addressLocality': 'Freiburg, Germany', 'addressCountry': 'Germany', 'postalCode': '79189', 'streetAddress': 'Freiburger Str. 11'}, 'telephone': '+44 76 3394 8737', 'geo': {'@type': 'GeoCoordinates', 'latitude': '47.9206775', 'longitude': '7.7052448'}, 'priceRange': '-', 'image': 'https://storage.googleapis.com/download/storage/v1/b/usc-pro-uscweb-live-media/o/de-live%2Foriginal_640x360_knsvzqquniopuuxxaar9_1722333669470649.png?generation=1722333669561902&amp;alt=media'}",47.9206775,7.7052448,.
Yogastudio Freiburg - Hebelstraße,['Yoga'],False,"['Classic', 'Premium', 'Max']",Classic,Mitte,Hebelstraße 23a,https://urbansportsclub.com//en/venues/yoga-im-sthlinger-soma-yoga,"{'@context': 'http://schema.org', '@type': 'LocalBusiness', 'name': 'Yogastudio Freiburg - Hebelstraße', 'description': 'Wünschst du dir mehr Gelassenheit? Ein gutes Körpergefühl? Brauchst du einen Ausgleich zum Alltag? Dann bist du bei uns goldrichtig! Wir bieten eine regelmäßige Yogapraxis in Form von Gruppenkursen im Studio, Workshops, Einzelstunden und Yogareisen an. Unser Yoga-Stil ist gleichzeitig kraftvoll dynamisch und meditativ entspannt.', 'address': {'@type': 'PostalAddress', 'addressLocality': 'Freiburg, Germany', 'addressCountry': 'Germany', 'postalCode': '79104', 'streetAddress': 'Hebelstraße 23a'}, 'telephone': '', 'geo': {'@type': 'GeoCoordinates', 'latitude': '48.0005814', 'longitude': '7.8475903'}, 'priceRange': '-', 'image': 'https://storage.googleapis.com/download/storage/v1/b/usc-pro-uscweb-live-media/o/de-live%2Foriginal_2048x1152_25fe9d483db7-67752009_2947780718780280_2548016333631520768_o_2947780715446947_1695970931593198_admin.jpg?generation=1695970931665257&amp;alt=media'}",48.0005814,7.8475903,"Wünschst du dir mehr Gelassenheit? Ein gutes Körpergefühl? Brauchst du einen Ausgleich zum Alltag? Dann bist du bei uns goldrichtig! Wir bieten eine regelmäßige Yogapraxis in Form von Gruppenkursen im Studio, Workshops, Einzelstunden und Yogareisen an. Unser Yoga-Stil ist gleichzeitig kraftvoll dynamisch und meditativ entspannt."
YOLAYA,['Yoga'],False,"['Classic', 'Premium', 'Max']",Classic,Mitte,Rathausgasse 46,https://urbansportsclub.com//en/venues/yolaya,"{'@context': 'http://schema.org', '@type': 'LocalBusiness', 'name': 'YOLAYA', 'description': 'Herzlich Willkommen im Yoga Studio YOLAYA in der Innenstadt von Freiburg. Hier kannst du den Alltag hinter Dir lassen und einfach mal abschalten. Bei uns findest du Kurse für Anfänger und Fortgeschrittene. Unsere Stile die wir unterrichten und lieben sind Hatha- und Vinyasa Yoga &amp; Inside Flow, Aerial Yoga &amp; AcroYoga, Athletic Flow &amp; Handstandtraining sowie Thai-Yoga Massage Kurse. Du hast Lust auf Bewegung? Dann komm vorbei und roll deine Matte aus! Lust auf einen kleinen Einblick? Hier kannst du uns bei Instagram finden: @yolayayoga', 'address': {'@type': 'PostalAddress', 'addressLocality': 'Freiburg, Germany', 'addressCountry': 'Germany', 'postalCode': '79098', 'streetAddress': 'Rathausgasse 46'}, 'telephone': '', 'geo': {'@type': 'GeoCoordinates', 'latitude': '47.9962246', 'longitude': '7.847678'}, 'priceRange': '-', 'image': 'https://storage.googleapis.com/download/storage/v1/b/usc-pro-uscweb-live-media/o/de-live%2Foriginal_2249x1265_569aa9fa58f9-YS__9543_1692016191527587_admin.jpg?generation=1692016191602504&amp;alt=media'}",47.9962246,7.847678,"Herzlich Willkommen im Yoga Studio YOLAYA in der Innenstadt von Freiburg. Hier kannst du den Alltag hinter Dir lassen und einfach mal abschalten. Bei uns findest du Kurse für Anfänger und Fortgeschrittene. Unsere Stile die wir unterrichten und lieben sind Hatha- und Vinyasa Yoga &amp; Inside Flow, Aerial Yoga &amp; AcroYoga, Athletic Flow &amp; Handstandtraining sowie Thai-Yoga Massage Kurse. Du hast Lust auf Bewegung? Dann komm vorbei und roll deine Matte aus! Lust auf einen kleinen Einblick? Hier kannst du uns bei Instagram finden: @yolayayoga"
all inclusive Fitness Lahr,['Fitness'],False,"['Essential', 'Classic', 'Premium', 'Max']",Essential,Lahr,Im Götzmann 8,https://urbansportsclub.com//en/venues/jumpers-lahr,"{'@context': 'http://schema.org', '@type': 'LocalBusiness', 'name': 'all inclusive Fitness Lahr', 'description': 'Ich packe meinen Koffer und nehme mit: meine Sportsachen – und meine Urban Sports Club-App. Und schon geht&#039;s los! Als Urban Sports Mitglied kannst du in allen jumpers Standorten in Deutschland einchecken. Ob du deine Oma in Hessen besuchst, auf Geschäftsreise in Baden-Württemberg bist oder Urlaub in Bayern, Rheinland-Pfalz oder dem Saarland machst: Auf dein Sportprogramm musst du nicht verzichten. Alle Jumpers Studios bieten dir Kraft- und Ausdauertraining. Genauso steht dir aber auch Functional- oder Zirkeltraining zur Verfügung. Du möchtest mehr erfahren über das volle Angebot im Jumpers Studio deiner Wahl? Dann folge dem link zur Jumpers-website. Deine Urban Sports Club Mitgliedschaft entspricht den Angeboten des Jumpers Premium-Pakets (ausgenommen Cardio Scan). Das Jumpers Team freut sich bereits auf deinen Besuch!', 'address': {'@type': 'PostalAddress', 'addressLocality': 'Freiburg, Germany', 'addressCountry': 'Germany', 'postalCode': '77933', 'streetAddress': 'Im Götzmann 8'}, 'telephone': '+44 15792613159', 'geo': {'@type': 'GeoCoordinates', 'latitude': '48.3342836', 'longitude': '7.8451213'}, 'priceRange': '-', 'image': 'https://storage.googleapis.com/download/storage/v1/b/usc-pro-uscweb-live-media/o/venues%2Foriginal_1200x675_v3mrk2tjcx2jqngfq1fr_1722851543861519.png?generation=1751987197335331&amp;alt=media'}",48.3342836,7.8451213,"Ich packe meinen Koffer und nehme mit: meine Sportsachen – und meine Urban Sports Club-App. Und schon geht&#039;s los! Als Urban Sports Mitglied kannst du in allen jumpers Standorten in Deutschland einchecken. Ob du deine Oma in Hessen besuchst, auf Geschäftsreise in Baden-Württemberg bist oder Urlaub in Bayern, Rheinland-Pfalz oder dem Saarland machst: Auf dein Sportprogramm musst du nicht verzichten. Alle Jumpers Studios bieten dir Kraft- und Ausdauertraining. Genauso steht dir aber auch Functional- oder Zirkeltraining zur Verfügung. Du möchtest mehr erfahren über das volle Angebot im Jumpers Studio deiner Wahl? Dann folge dem link zur Jumpers-website. Deine Urban Sports Club Mitgliedschaft entspricht den Angeboten des Jumpers Premium-Pakets (ausgenommen Cardio Scan). Das Jumpers Team freut sich bereits auf deinen Besuch!"
EasyFitness Schwenningen,['Fitness'],False,"['Classic', 'Premium', 'Max']",Classic,Ost,Villinger Str. 142,https://urbansportsclub.com//en/venues/easyfitness-schwenningen,"{'@context': 'http://schema.org', '@type': 'LocalBusiness', 'name': 'EasyFitness Schwenningen', 'description': 'EasyFitness Schwenningen freut sich auf deinen Besuch!', 'address': {'@type': 'PostalAddress', 'addressLocality': 'Freiburg, Germany', 'addressCountry': 'Germany', 'postalCode': '78054', 'streetAddress': 'Villinger Str. 142'}, 'telephone': '', 'geo': {'@type': 'GeoCoordinates', 'latitude': '48.0629444', 'longitude': '8.5144341'}, 'priceRange': '-', 'image': 'https://storage.googleapis.com/download/storage/v1/b/usc-pro-uscweb-live-media/o/de-live%2Foriginal_1686x948_fitnesscompressed_1565362061539730_admin.jpg?alt=media'}",48.0629444,8.5144341,EasyFitness Schwenningen freut sich auf deinen Besuch!
Maitri Yoga Freiburg,"['Pilates', 'Yoga']",False,"['Classic', 'Premium', 'Max']",Classic,Wiehre,Brombergstraße 17C,https://urbansportsclub.com//en/venues/maitri-yoga,"{'@context': 'http://schema.org', '@type': 'LocalBusiness', 'name': 'Maitri Yoga Freiburg', 'description': 'Maitri Yoga Freiburg mit Anett Falkenhagen steht für den Herzraum – authentisches Yoga verbunden mit Liebe und Mitgefühl. Hier wird an mehreren Tagen in der Woche Vinyasa Yoga in verschiedenen Kursformaten angeboten. Maitri Yoga verbindet bewusst den dynamischen Flow mit der inneren Ausrichtung und lässt Elemente aus der Alexander-Technik in die Yogapraxis einfließen. Dynamisches Vinyasa Yoga ist auf Themen gerichtet, wie z.B. die Stärkung des Rücken, Schulter- und Hüftöffnung, umfasst aber auch Bereiche wie z.B. Resilienz und die Energiezentren des Körpers. Erweitert wird das Maitri Yoga Angebot durch Vinyasa Restorative Yoga, das verstärkt mit Hilfsmitteln und teilweise sehr ruhigen Bewegungsabläufen arbeitet. Restorative Yoga zielt vorrangig auf die Entspannung und die Reduktion von Stresssymptomen. Weitere Kursangebote von Maitri Yoga sind Schwangerenyoga und Yoga nach der Geburt. Jede Yogapraxis beinhaltet Atemübungen und führt schrittweise in die Meditation. Durch Achtsamkeit und Selbstreflexion im Yoga kann es uns gelingen, das Positive, Kraftvolle und Heilsame in unserem Körper und Geist zu entfalten und zu stärken. Sowohl Anfänger als auch Fortgeschrittene sind in den Yogakursen von Maitri Yoga willkommen und es gibt keine Altersbeschränkung.', 'address': {'@type': 'PostalAddress', 'addressLocality': 'Freiburg, Germany', 'addressCountry': 'Germany', 'postalCode': '79102', 'streetAddress': 'Brombergstraße 17C'}, 'telephone': '', 'geo': {'@type': 'GeoCoordinates', 'latitude': '47.98747', 'longitude': '7.85146'}, 'priceRange': '-', 'image': 'https://storage.googleapis.com/download/storage/v1/b/usc-pro-uscweb-live-media/o/de-live%2Foriginal_1024x576_cbfc770876da-5D7A9732_1558450693167799_admin.jpg?alt=media'}",47.98747,7.85146,"Maitri Yoga Freiburg mit Anett Falkenhagen steht für den Herzraum – authentisches Yoga verbunden mit Liebe und Mitgefühl. Hier wird an mehreren Tagen in der Woche Vinyasa Yoga in verschiedenen Kursformaten angeboten. Maitri Yoga verbindet bewusst den dynamischen Flow mit der inneren Ausrichtung und lässt Elemente aus der Alexander-Technik in die Yogapraxis einfließen. Dynamisches Vinyasa Yoga ist auf Themen gerichtet, wie z.B. die Stärkung des Rücken, Schulter- und Hüftöffnung, umfasst aber auch Bereiche wie z.B. Resilienz und die Energiezentren des Körpers. Erweitert wird das Maitri Yoga Angebot durch Vinyasa Restorative Yoga, das verstärkt mit Hilfsmitteln und teilweise sehr ruhigen Bewegungsabläufen arbeitet. Restorative Yoga zielt vorrangig auf die Entspannung und die Reduktion von Stresssymptomen. Weitere Kursangebote von Maitri Yoga sind Schwangerenyoga und Yoga nach der Geburt. Jede Yogapraxis beinhaltet Atemübungen und führt schrittweise in die Meditation. Durch Achtsamkeit und Selbstreflexion im Yoga kann es uns gelingen, das Positive, Kraftvolle und Heilsame in unserem Körper und Geist zu entfalten und zu stärken. Sowohl Anfänger als auch Fortgeschrittene sind in den Yogakursen von Maitri Yoga willkommen und es gibt keine Altersbeschränkung."
Lorettobad - Freibad,['Swimming'],False,"['Essential', 'Classic', 'Premium', 'Max']",Essential,Wiehre,Lorettostraße 51a,https://urbansportsclub.com//en/venues/lorettobad-freibad,"{'@context': 'http://schema.org', '@type': 'LocalBusiness', 'name': 'Lorettobad - Freibad', 'description': '', 'address': {'@type': 'PostalAddress', 'addressLocality': 'Freiburg, Germany', 'addressCountry': 'Germany', 'postalCode': '79100', 'streetAddress': 'Lorettostraße 51a'}, 'telephone': '+44 7612 105570', 'geo': {'@type': 'GeoCoordinates', 'latitude': '47.9836158', 'longitude': '7.8419396'}, 'priceRange': '-', 'image': 'https://storage.googleapis.com/download/storage/v1/b/usc-pro-uscweb-live-media/o/venues%2Foriginal_640x360_hnrrhxegxfhmbciotsij_1756820867538462.png?generation=1756820867591850&amp;alt=media'}",47.9836158,7.8419396,
Ommm.Yoga,['Yoga'],False,"['Premium', 'Max']",Premium,Wiehre,Turnseestraße 53,https://urbansportsclub.com//en/venues/ommmyoga,"{'@context': 'http://schema.org', '@type': 'LocalBusiness', 'name': 'Ommm.Yoga', 'description': 'Im Herzen der Freiburger Wiehre findest Du uns an sieben Tagen in der Woche auf der Matte. u2028Hier unterrichten wir Yin, Vinyasa, Jivamukti und Basic Yoga – moderne Yogastile, angepasst an die Bedürfnisse unserer Zeit – außerdem Pilates und Meditation.u2028 Von Herzen und in voller Überzeugung, dass Yoga den Weg zum Glück begleiten kann, laden wir Dich zu uns ein. Yog‘ dich glücklich!', 'address': {'@type': 'PostalAddress', 'addressLocality': 'Freiburg, Germany', 'addressCountry': 'Germany', 'postalCode': '79102', 'streetAddress': 'Turnseestraße 53'}, 'telephone': '', 'geo': {'@type': 'GeoCoordinates', 'latitude': '47.9858664', 'longitude': '7.8497266'}, 'priceRange': '-', 'image': 'https://storage.googleapis.com/download/storage/v1/b/usc-pro-uscweb-live-media/o/de-live%2Foriginal_1732x974_OMMM_YOGA_FREIBURG_1564135748721883_admin.jpg?alt=media'}",47.9858664,7.8497266,"Im Herzen der Freiburger Wiehre findest Du uns an sieben Tagen in der Woche auf der Matte. u2028Hier unterrichten wir Yin, Vinyasa, Jivamukti und Basic Yoga – moderne Yogastile, angepasst an die Bedürfnisse unserer Zeit – außerdem Pilates und Meditation.u2028 Von Herzen und in voller Überzeugung, dass Yoga den Weg zum Glück begleiten kann, laden wir Dich zu uns ein. Yog‘ dich glücklich!"
Freizeitbad Stegermatt,['Swimming'],False,"['Classic', 'Premium', 'Max']",Classic,Offenburg,Stegermattstraße 11,https://urbansportsclub.com//en/venues/freizeitbad-stegermatt,"{'@context': 'http://schema.org', '@type': 'LocalBusiness', 'name': 'Freizeitbad Stegermatt', 'description': '', 'address': {'@type': 'PostalAddress', 'addressLocality': 'Freiburg, Germany', 'addressCountry': 'Germany', 'postalCode': '77652', 'streetAddress': 'Stegermattstraße 11'}, 'telephone': '', 'geo': {'@type': 'GeoCoordinates', 'latitude': '48.4648175', 'longitude': '7.9452816'}, 'priceRange': '-', 'image': 'https://storage.googleapis.com/download/storage/v1/b/usc-pro-uscweb-live-media/o/venues%2Foriginal_640x360_iapzhhhl35fxizdrnwi0_1759830732761085.png?generation=1759830732855403&amp;alt=media'}",48.4648175,7.9452816,
Körperwerk Freiburg,"['Fitness', 'Pilates', 'Relaxation', 'Yoga']",False,"['Classic', 'Premium', 'Max']",Classic,Mitte,Kaiser-Joseph-Straße 192,https://urbansportsclub.com//en/venues/korperwerk-freiburg,"{'@context': 'http://schema.org', '@type': 'LocalBusiness', 'name': 'Körperwerk Freiburg', 'description': 'Körperwerk freut sich auf deinen Besuch!', 'address': {'@type': 'PostalAddress', 'addressLocality': 'Freiburg, Germany', 'addressCountry': 'Germany', 'postalCode': '79098', 'streetAddress': 'Kaiser-Joseph-Straße 192'}, 'telephone': '+49 761 4798980', 'geo': {'@type': 'GeoCoordinates', 'latitude': '47.996151', 'longitude': '7.8507392'}, 'priceRange': '-', 'image': 'https://storage.googleapis.com/download/storage/v1/b/usc-pro-uscweb-live-media/o/de-live%2Foriginal_1024x576_db55ecb0f1a5-Bild_Trainingsfl%C3%A4che_1569242383985823_admin.jpg?alt=media'}",47.996151,7.8507392,Körperwerk freut sich auf deinen Besuch!
MACH' BLAU Sport & Familienbad,['Swimming'],False,"['Essential', 'Classic', 'Premium', 'Max']",Essential,Denzlingen,Berliner Straße 53,https://urbansportsclub.com//en/venues/mach-blau-sport-familienbad,"{'@context': 'http://schema.org', '@type': 'LocalBusiness', 'name': 'MACH&#039; BLAU Sport &amp; Familienbad', 'description': 'MACH’ BLAU – Sport &amp; Familienbad Denzlingen 2008 sanierte die Gemeinde Denzlingen das 1974 erbaute „Denzlinger Sportbad“ für 10,6 Millionen Euro und gestaltete es zu einem modernen Hallen- und Freibad samt neuer Saunalandschaft um. Nach 20-monatiger Umbauzeit feierte das Bad im Mai 2010 Wiedereröffnung. Ziele der Sanierung waren die technischen und sanitären Einrichtungen auf den neusten Stand zu bringen, den Energie- und Wasserverbrauch zu reduzieren und das Bad attraktiver zu machen. Der Umbau des ehemaligen Sportbads zu einem Sport &amp; Familienbad erfolgte, um eine familienfreundliche Erholungs- und Sportstätte zu schaffen. Hallenbad Das Hallenbad des Sport &amp; Familienbades ist ganzjährig geöffnet und mit der Saunalandschaft verbunden. Es gibt ein 25-Meter-Becken für Schwimmer, ein Lehr- und Nichtschwimmerbecken sowie ein Kleinkinderbecken. Eine Kinderrutsche führt in das Nichtschwimmerbecken. Auch ein Solarium ist im Sport &amp; Familienbad zu finden. Freundliche Liege- und Aufenthaltsbereiche laden in der Schwimmhalle zum Verweilen ein. Freibad Das Freibadgelände, eingebetet in die großzügige Gesamtanlage von 37.500 m², bietet vielfältige Angebote für Badegäste aller Altersgruppen. Zusätzliche Spielangebote, ein Erlebnisbecken mit Breitrutsche und ein Kleinkinderbadebereich in der Nähe des Spielplatzes sorgen für Familienfreundlichkeit. Das beheizbare Ganzjahresbecken mit einer Wassertemperatur von bis zu 32º C bietet mit einer Schwalldusche, Sprudelliegen und Nackenduschen Erholung und Entspannung. Drei neu gestaltete Edelstahlbecken umrahmen den erhaltenen Zehn-Meter-Sprungturm und bieten neue Attraktionen. Im Nichtschwimmerbecken befinden sich neben der Aktionsbreitrutsche eine Schaukelbucht und Wasserkanonen. Das 50 m lange Schwimmerbecken hat eine fast 800 m² Wasserfläche mit Treppenanlage und Behinderteneinstieg. Die Freianlage ist geprägt durch große Rasenflächen, hohe Bäume, sandfarbene Plattenbeläge, verschiedene Holzdecks, eine Stufenanlage und einen mediterranen Sandstrand. Die Liegeflächen wurden deutlich vergrößert, um auch an Tagen mit hoher Besucherzahl genügend Platz zu haben. Eine Gartenwirtschaft bietet den Besuchern die Möglichkeit, sich in gemütlicher Atmosphäre zu stärken. Gastronomie Genießen Sie unsere frische Küche während Ihres Aufenthaltes. Ob nur ein kleiner Snack oder ein ganzes Mittagessen, unser Gastroteam freut sich auf Ihren Besuch. Wasserflächen Gesamtwasserfläche 2.506 m² Schwimmerbecken 1.093 m² Nichtschwimmerbecken 1.090 m² Springerbecken 323 m²', 'address': {'@type': 'PostalAddress', 'addressLocality': 'Freiburg, Germany', 'addressCountry': 'Germany', 'postalCode': '79211', 'streetAddress': 'Berliner Straße 53'}, 'telephone': '', 'geo': {'@type': 'GeoCoordinates', 'latitude': '48.0741734', 'longitude': '7.900434'}, 'priceRange': '-', 'image': 'https://storage.googleapis.com/download/storage/v1/b/usc-pro-uscweb-live-media/o/de-live%2Foriginal_1024x576_31f5e3428026-Mach_Blau_1569229707972356_admin.jpg?alt=media'}",48.0741734,7.900434,"MACH’ BLAU – Sport &amp; Familienbad Denzlingen 2008 sanierte die Gemeinde Denzlingen das 1974 erbaute „Denzlinger Sportbad“ für 10,6 Millionen Euro und gestaltete es zu einem modernen Hallen- und Freibad samt neuer Saunalandschaft um. Nach 20-monatiger Umbauzeit feierte das Bad im Mai 2010 Wiedereröffnung. Ziele der Sanierung waren die technischen und sanitären Einrichtungen auf den neusten Stand zu bringen, den Energie- und Wasserverbrauch zu reduzieren und das Bad attraktiver zu machen. Der Umbau des ehemaligen Sportbads zu einem Sport &amp; Familienbad erfolgte, um eine familienfreundliche Erholungs- und Sportstätte zu schaffen. Hallenbad Das Hallenbad des Sport &amp; Familienbades ist ganzjährig geöffnet und mit der Saunalandschaft verbunden. Es gibt ein 25-Meter-Becken für Schwimmer, ein Lehr- und Nichtschwimmerbecken sowie ein Kleinkinderbecken. Eine Kinderrutsche führt in das Nichtschwimmerbecken. Auch ein Solarium ist im Sport &amp; Familienbad zu finden. Freundliche Liege- und Aufenthaltsbereiche laden in der Schwimmhalle zum Verweilen ein. Freibad Das Freibadgelände, eingebetet in die großzügige Gesamtanlage von 37.500 m², bietet vielfältige Angebote für Badegäste aller Altersgruppen. Zusätzliche Spielangebote, ein Erlebnisbecken mit Breitrutsche und ein Kleinkinderbadebereich in der Nähe des Spielplatzes sorgen für Familienfreundlichkeit. Das beheizbare Ganzjahresbecken mit einer Wassertemperatur von bis zu 32º C bietet mit einer Schwalldusche, Sprudelliegen und Nackenduschen Erholung und Entspannung. Drei neu gestaltete Edelstahlbecken umrahmen den erhaltenen Zehn-Meter-Sprungturm und bieten neue Attraktionen. Im Nichtschwimmerbecken befinden sich neben der Aktionsbreitrutsche eine Schaukelbucht und Wasserkanonen. Das 50 m lange Schwimmerbecken hat eine fast 800 m² Wasserfläche mit Treppenanlage und Behinderteneinstieg. Die Freianlage ist geprägt durch große Rasenflächen, hohe Bäume, sandfarbene Plattenbeläge, verschiedene Holzdecks, eine Stufenanlage und einen mediterranen Sandstrand. Die Liegeflächen wurden deutlich vergrößert, um auch an Tagen mit hoher Besucherzahl genügend Platz zu haben. Eine Gartenwirtschaft bietet den Besuchern die Möglichkeit, sich in gemütlicher Atmosphäre zu stärken. Gastronomie Genießen Sie unsere frische Küche während Ihres Aufenthaltes. Ob nur ein kleiner Snack oder ein ganzes Mittagessen, unser Gastroteam freut sich auf Ihren Besuch. Wasserflächen Gesamtwasserfläche 2.506 m² Schwimmerbecken 1.093 m² Nichtschwimmerbecken 1.090 m² Springerbecken 323 m²"
Yogastudio Freiburg - Schwarzwaldstraße,['Yoga'],False,"['Classic', 'Premium', 'Max']",Classic,Wiehre,Schwarzwaldstr. 20,https://urbansportsclub.com//en/venues/loftstudio-schwarzwaldstrasse,"{'@context': 'http://schema.org', '@type': 'LocalBusiness', 'name': 'Yogastudio Freiburg - Schwarzwaldstraße', 'description': 'Wünschst du dir mehr Gelassenheit? Ein gutes Körpergefühl? Brauchst du einen Ausgleich zum Alltag? Dann bist du bei uns goldrichtig! Wir bieten eine regelmäßige Yogapraxis in Form von Gruppenkursen im Studio, Workshops, Einzelstunden und Yogareisen an. Unser Yoga-Stil ist gleichzeitig kraftvoll dynamisch und meditativ entspannt.', 'address': {'@type': 'PostalAddress', 'addressLocality': 'Freiburg, Germany', 'addressCountry': 'Germany', 'postalCode': '79102', 'streetAddress': 'Schwarzwaldstr. 20'}, 'telephone': '', 'geo': {'@type': 'GeoCoordinates', 'latitude': '47.9899666', 'longitude': '7.8563335'}, 'priceRange': '-', 'image': 'https://storage.googleapis.com/download/storage/v1/b/usc-pro-uscweb-live-media/o/de-live%2Foriginal_1531x861_f2d530dd6a4a-DSC_0226_B__bearbeitet__17252869209289_admin.jpg?generation=1725286920104970&amp;alt=media'}",47.9899666,7.8563335,"Wünschst du dir mehr Gelassenheit? Ein gutes Körpergefühl? Brauchst du einen Ausgleich zum Alltag? Dann bist du bei uns goldrichtig! Wir bieten eine regelmäßige Yogapraxis in Form von Gruppenkursen im Studio, Workshops, Einzelstunden und Yogareisen an. Unser Yoga-Stil ist gleichzeitig kraftvoll dynamisch und meditativ entspannt."
Freibad über der Elz,['Swimming'],False,"['Essential', 'Classic', 'Premium', 'Max']",Essential,Emmendingen,Am Sportfeld 6,https://urbansportsclub.com//en/venues/freibad-uber-der-elz,"{'@context': 'http://schema.org', '@type': 'LocalBusiness', 'name': 'Freibad über der Elz', 'description': 'Schwimmen, planschen und entxadspannen: Das Emmenxaddinger Freibad über der Elz bietet Wasserxadspaß für Groß und Klein.', 'address': {'@type': 'PostalAddress', 'addressLocality': 'Freiburg, Germany', 'addressCountry': 'Germany', 'postalCode': '79312', 'streetAddress': 'Am Sportfeld 6'}, 'telephone': '', 'geo': {'@type': 'GeoCoordinates', 'latitude': '48.11838', 'longitude': '7.84682'}, 'priceRange': '-', 'image': 'https://storage.googleapis.com/download/storage/v1/b/usc-pro-uscweb-live-media/o/de-live%2Foriginal_4869x2739_xkkngphtk9c5ncg2alko_1688379297368222.jpg?generation=1688379297507351&amp;alt=media'}",48.11838,7.84682,"Schwimmen, planschen und entxadspannen: Das Emmenxaddinger Freibad über der Elz bietet Wasserxadspaß für Groß und Klein."
INJOY Emmendingen,['Fitness'],False,"['Essential', 'Classic', 'Premium', 'Max']",Essential,Emmendingen,Freiburger Straße 17,https://urbansportsclub.com//en/venues/injoy-emmendingen-1,"{'@context': 'http://schema.org', '@type': 'LocalBusiness', 'name': 'INJOY Emmendingen', 'description': 'Das INJOY Emmendingen bietet ein ganzheitliches Trainings- und Betreuungskonzept durch die Kombination verschiedener Trainingsmöglichkeiten unter Begleitung von qualifizierten Akademiker/innen und Fachtrainer/innen sowie einen Sauna- und Wellnessbereich mit verschiedenen Entspannungsangeboten. Erreichen Sie ihre Trainingsziele durch unsere Begleitung, eine regelmäßige Trainingsplanerstellung, Körperanalysen sowie Muskelfunktionstests uvm. Trainingsbereiche: FIVE Rücken- und Gelenkzentrum (werden auch Sie schmerzfrei!), Automatisierter Kraft-Ausdauer-Zirkel, Automatisierter Kraft-Zirkel, verschiedenste Kraftgeräte, Freihantelbereich, Kursräume für Gruppenfitness (siehe Kursplan), Ausdauerbereich.', 'address': {'@type': 'PostalAddress', 'addressLocality': 'Freiburg, Germany', 'addressCountry': 'Germany', 'postalCode': '79312', 'streetAddress': 'Freiburger Straße 17'}, 'telephone': '+44 76 4157 1166', 'geo': {'@type': 'GeoCoordinates', 'latitude': '48.1100022', 'longitude': '7.85434'}, 'priceRange': '-', 'image': 'https://storage.googleapis.com/download/storage/v1/b/usc-pro-uscweb-live-media/o/venues%2Foriginal_1024x576_riimoel0jzifhq6p4iio_1772606594227173.png?generation=1772606594460655&amp;alt=media'}",48.1100022,7.85434,"Das INJOY Emmendingen bietet ein ganzheitliches Trainings- und Betreuungskonzept durch die Kombination verschiedener Trainingsmöglichkeiten unter Begleitung von qualifizierten Akademiker/innen und Fachtrainer/innen sowie einen Sauna- und Wellnessbereich mit verschiedenen Entspannungsangeboten. Erreichen Sie ihre Trainingsziele durch unsere Begleitung, eine regelmäßige Trainingsplanerstellung, Körperanalysen sowie Muskelfunktionstests uvm. Trainingsbereiche: FIVE Rücken- und Gelenkzentrum (werden auch Sie schmerzfrei!), Automatisierter Kraft-Ausdauer-Zirkel, Automatisierter Kraft-Zirkel, verschiedenste Kraftgeräte, Freihantelbereich, Kursräume für Gruppenfitness (siehe Kursplan), Ausdauerbereich."
Fit Pur Plus Offenburg,['Fitness'],False,"['Classic', 'Premium', 'Max']",Classic,Offenburg,Freiburger Straße 24,https://urbansportsclub.com//en/venues/fit-pur-plus-offenburg-1,"{'@context': 'http://schema.org', '@type': 'LocalBusiness', 'name': 'Fit Pur Plus Offenburg', 'description': 'Fit Pur Plus freut sich auf Dich!', 'address': {'@type': 'PostalAddress', 'addressLocality': 'Freiburg, Germany', 'addressCountry': 'Germany', 'postalCode': '77652', 'streetAddress': 'Freiburgerstraße 9'}, 'telephone': '', 'geo': {'@type': 'GeoCoordinates', 'latitude': '48.4745655', 'longitude': '7.9375387'}, 'priceRange': '-', 'image': 'https://storage.googleapis.com/download/storage/v1/b/usc-pro-uscweb-live-media/o/de-live%2Foriginal_1024x576_fitnesscompressed_1647349201163294_admin.jpg?generation=1647349201269134&amp;alt=media'}",48.4745655,7.9375387,Fit Pur Plus freut sich auf Dich!
Aktiv Reha - Freies Training,['Fitness'],False,"['Classic', 'Premium', 'Max']",Classic,Nord,Hornusstraße 18,https://urbansportsclub.com//en/venues/aktiv-reha,"{'@context': 'http://schema.org', '@type': 'LocalBusiness', 'name': 'Aktiv Reha - Freies Training', 'description': 'Willkommen bei Aktiv Reha Physiotherapie und medizinisches Training Seit 1995 bieten wir Ihnen in Freiburg Physiotherapie und medizinisches Training an und schaffen mit einer ausgewogenen Verbindung dieser beiden Bereiche die optimalen Voraussetzungen für Ihre Gesundheit. Unabhängig von Ihrem Alter trainieren wir in der individuellen Einzeltherapie Ihre Kraft und Beweglichkeit und verlangsamen altersbedingte Abbauvorgänge der Muskulatur und Knochen. Wir arbeiten mit modernen Geräten, die gelenkschonendes und effektives Training garantieren. Unser Gesundheitstraining hilft Ihnen Beschwerden des Bewegungsapparates zu lindern und das gewonnene Ergebnis langfristig zu stabilisieren. Sie können hier auf unsere langjährige Erfahrung in der Therapie und Prävention vertrauen.', 'address': {'@type': 'PostalAddress', 'addressLocality': 'Freiburg, Germany', 'addressCountry': 'Germany', 'postalCode': '79108', 'streetAddress': 'Hornusstraße 18'}, 'telephone': '', 'geo': {'@type': 'GeoCoordinates', 'latitude': '48.014985', 'longitude': '7.854881'}, 'priceRange': '-', 'image': 'https://storage.googleapis.com/download/storage/v1/b/usc-pro-uscweb-live-media/o/de-live%2Foriginal_2000x1125_hwhcxwaqg1no45fzmvis_1680192761959555.png?generation=1680192762087865&amp;alt=media'}",48.014985,7.854881,"Willkommen bei Aktiv Reha Physiotherapie und medizinisches Training Seit 1995 bieten wir Ihnen in Freiburg Physiotherapie und medizinisches Training an und schaffen mit einer ausgewogenen Verbindung dieser beiden Bereiche die optimalen Voraussetzungen für Ihre Gesundheit. Unabhängig von Ihrem Alter trainieren wir in der individuellen Einzeltherapie Ihre Kraft und Beweglichkeit und verlangsamen altersbedingte Abbauvorgänge der Muskulatur und Knochen. Wir arbeiten mit modernen Geräten, die gelenkschonendes und effektives Training garantieren. Unser Gesundheitstraining hilft Ihnen Beschwerden des Bewegungsapparates zu lindern und das gewonnene Ergebnis langfristig zu stabilisieren. Sie können hier auf unsere langjährige Erfahrung in der Therapie und Prävention vertrauen."
Terrassenbad Lahr,['Swimming'],False,"['Essential', 'Classic', 'Premium', 'Max']",Essential,Lahr,Bergstraße 124,https://urbansportsclub.com//en/venues/terrassenbad-lahr,"{'@context': 'http://schema.org', '@type': 'LocalBusiness', 'name': 'Terrassenbad Lahr', 'description': 'Die Bäder Lahr freuen sich auf deinen Besuch!', 'address': {'@type': 'PostalAddress', 'addressLocality': 'Freiburg, Germany', 'addressCountry': 'Germany', 'postalCode': '77933', 'streetAddress': 'Bergstraße 124'}, 'telephone': '', 'geo': {'@type': 'GeoCoordinates', 'latitude': '48.3429932', 'longitude': '7.8539248'}, 'priceRange': '-', 'image': 'https://storage.googleapis.com/download/storage/v1/b/usc-pro-uscweb-live-media/o/de-live%2Foriginal_1688x950_pggxijh5wmohapncqxbc_168561111243706.png?generation=1685611112130520&amp;alt=media'}",48.3429932,7.8539248,Die Bäder Lahr freuen sich auf deinen Besuch!
Freibad Auenheim,['Swimming'],False,"['Classic', 'Premium', 'Max']",Classic,Kehl,Badstraße 31,https://urbansportsclub.com//en/venues/freibad-auenheim,"{'@context': 'http://schema.org', '@type': 'LocalBusiness', 'name': 'Freibad Auenheim', 'description': '', 'address': {'@type': 'PostalAddress', 'addressLocality': 'Freiburg, Germany', 'addressCountry': 'Germany', 'postalCode': '77694', 'streetAddress': 'Badstraße 31'}, 'telephone': '', 'geo': {'@type': 'GeoCoordinates', 'latitude': '48.6068717', 'longitude': '7.8296277'}, 'priceRange': '-', 'image': 'https://storage.googleapis.com/download/storage/v1/b/usc-pro-uscweb-live-media/o/venues%2Foriginal_640x360_gpzurgheed5liy8m2bdk_1777886998837286.png?generation=1777886998952569&amp;alt=media'}",48.6068717,7.8296277,
Westbad,['Swimming'],False,"['Essential', 'Classic', 'Premium', 'Max']",Essential,Mooswald,Ensisheimer Straße 9,https://urbansportsclub.com//en/venues/westbad-freibad-1,"{'@context': 'http://schema.org', '@type': 'LocalBusiness', 'name': 'Westbad', 'description': '', 'address': {'@type': 'PostalAddress', 'addressLocality': 'Freiburg, Germany', 'addressCountry': 'Germany', 'postalCode': '79110', 'streetAddress': 'Ensisheimer Straße 9'}, 'telephone': '+44 7612 105510', 'geo': {'@type': 'GeoCoordinates', 'latitude': '48.0103773', 'longitude': '7.8239619'}, 'priceRange': '-', 'image': 'https://storage.googleapis.com/download/storage/v1/b/usc-pro-uscweb-live-media/o/venues%2Foriginal_640x360_acpa9pczvgyeyvdrbrrx_1756736393249482.png?generation=1756736393338284&amp;alt=media'}",48.0103773,7.8239619,
Bürgerbad Merzhausen,['Swimming'],False,"['Essential', 'Classic', 'Premium', 'Max']",Essential,Merzhausen,Friedhofweg 13,https://urbansportsclub.com//en/venues/burgerbad-merzhausen,"{'@context': 'http://schema.org', '@type': 'LocalBusiness', 'name': 'Bürgerbad Merzhausen', 'description': 'Unser von Bürgern 2004 gerettetes und mit viel Engagement gepflegtes Hallenbad bietet jung und alt ein 25 m Becken, ein Kinderbecken, eine große Liegewiese mit Planschbecken und eine kleine aber feine Sauna. Abgerundet wird unser Angebot durch das Café im Bad, das drinnen und draußen zum Verweilen einlädt.', 'address': {'@type': 'PostalAddress', 'addressLocality': 'Freiburg, Germany', 'addressCountry': 'Germany', 'postalCode': '79249', 'streetAddress': 'Friedhofweg 13'}, 'telephone': '', 'geo': {'@type': 'GeoCoordinates', 'latitude': '47.9663008', 'longitude': '7.8252852'}, 'priceRange': '-', 'image': 'https://storage.googleapis.com/download/storage/v1/b/usc-pro-uscweb-live-media/o/de-live%2Foriginal_3264x1836_aee6317552a4-20170426_213850_1568125364174340_admin.jpg?alt=media'}",47.9663008,7.8252852,"Unser von Bürgern 2004 gerettetes und mit viel Engagement gepflegtes Hallenbad bietet jung und alt ein 25 m Becken, ein Kinderbecken, eine große Liegewiese mit Planschbecken und eine kleine aber feine Sauna. Abgerundet wird unser Angebot durch das Café im Bad, das drinnen und draußen zum Verweilen einlädt."
Highlight Fitness & Wellness Club,"['Fitness', 'Sauna']",False,"['Classic', 'Premium', 'Max']",Classic,Offenburg,Kinzigstraße 34,https://urbansportsclub.com//en/venues/highlight-fitness-wellness-club,"{'@context': 'http://schema.org', '@type': 'LocalBusiness', 'name': 'Highlight Fitness &amp; Wellness Club', 'description': '', 'address': {'@type': 'PostalAddress', 'addressLocality': 'Freiburg, Germany', 'addressCountry': 'Germany', 'postalCode': '77652', 'streetAddress': 'Kinzigstraße 34'}, 'telephone': '', 'geo': {'@type': 'GeoCoordinates', 'latitude': '48.4812423', 'longitude': '7.9351294'}, 'priceRange': '-', 'image': 'https://storage.googleapis.com/download/storage/v1/b/usc-pro-uscweb-live-media/o/venues%2Foriginal_1024x576_w4lnawljroalqlb1cuht_1763462220329155.png?generation=1763462220434464&amp;alt=media'}",48.4812423,7.9351294,
Class Gym,['Fitness'],False,"['Classic', 'Premium', 'Max']",Classic,Emmendingen,Schwarzwaldstraße 3,https://urbansportsclub.com//en/venues/class-gym,"{'@context': 'http://schema.org', '@type': 'LocalBusiness', 'name': 'Class Gym', 'description': 'Old School Bodybuilding mit Platz zum Powerlifting. Trainieren wie die Profis von früher mit echtem „Eisen“! Kurzhanteln bis 60kg, Langhanteln und Maschinen mit Scheiben. Wir haben aber auch moderne Maschinen für’s Cardiotraining und zur Regeneration. Dazu Beratung zum Training und zur Ernährung mit eigenem Body Shop durch unsere Trainer. Wir bedienen und betreuen auf fünf verschiedene Sprachen Deutsch/Spanisch/Russisch/Englisch/Italienisch/Französisch. Das Team freut sich auf Deinen Besuch im Class Gym Emmendingen.', 'address': {'@type': 'PostalAddress', 'addressLocality': 'Freiburg, Germany', 'addressCountry': 'Germany', 'postalCode': '79312', 'streetAddress': 'Schwarzwaldstraße 3'}, 'telephone': '', 'geo': {'@type': 'GeoCoordinates', 'latitude': '48.1164082', 'longitude': '7.8348513'}, 'priceRange': '-', 'image': 'https://storage.googleapis.com/download/storage/v1/b/usc-pro-uscweb-live-media/o/de-live%2Foriginal_4000x2250_5dd53887dabc-Urban_Gym_1568188957315293_admin.jpg?alt=media'}",48.1164082,7.8348513,"Old School Bodybuilding mit Platz zum Powerlifting. Trainieren wie die Profis von früher mit echtem „Eisen“! Kurzhanteln bis 60kg, Langhanteln und Maschinen mit Scheiben. Wir haben aber auch moderne Maschinen für’s Cardiotraining und zur Regeneration. Dazu Beratung zum Training und zur Ernährung mit eigenem Body Shop durch unsere Trainer. Wir bedienen und betreuen auf fünf verschiedene Sprachen Deutsch/Spanisch/Russisch/Englisch/Italienisch/Französisch. Das Team freut sich auf Deinen Besuch im Class Gym Emmendingen."
Yogastudio Freiburg - Eschholzpark,['Yoga'],False,"['Classic', 'Premium', 'Max']",Classic,Stühlinger,Fehrenbachallee 50,https://urbansportsclub.com//en/venues/yoga-im-sthlinger-eschholzpark,"{'@context': 'http://schema.org', '@type': 'LocalBusiness', 'name': 'Yogastudio Freiburg - Eschholzpark', 'description': 'Wünschst du dir mehr Gelassenheit? Ein gutes Körpergefühl? Brauchst du einen Ausgleich zum Alltag? Dann bist du bei uns goldrichtig! Wir bieten eine regelmäßige Yogapraxis in Form von Gruppenkursen im Studio, Workshops, Einzelstunden und Yogareisen an. Unser Yoga-Stil ist gleichzeitig kraftvoll dynamisch und meditativ entspannt.', 'address': {'@type': 'PostalAddress', 'addressLocality': 'Freiburg, Germany', 'addressCountry': 'Germany', 'postalCode': '79106', 'streetAddress': 'Fehrenbachallee 50'}, 'telephone': '', 'geo': {'@type': 'GeoCoordinates', 'latitude': '47.998335', 'longitude': '7.829369'}, 'priceRange': '-', 'image': 'https://storage.googleapis.com/download/storage/v1/b/usc-pro-uscweb-live-media/o/venues%2Foriginal_2048x1152_9ad580c0d7b5-67899967_2947781025446916_806043921258905600_o_2947781015446917_1713773905716585_admin.jpg?generation=1751985424029244&amp;alt=media'}",47.998335,7.829369,"Wünschst du dir mehr Gelassenheit? Ein gutes Körpergefühl? Brauchst du einen Ausgleich zum Alltag? Dann bist du bei uns goldrichtig! Wir bieten eine regelmäßige Yogapraxis in Form von Gruppenkursen im Studio, Workshops, Einzelstunden und Yogareisen an. Unser Yoga-Stil ist gleichzeitig kraftvoll dynamisch und meditativ entspannt."
Aktiv Reha Merianstraße - freies Training,['Fitness'],False,"['Classic', 'Premium', 'Max']",Classic,Altstadt,Merianstraße 13 - 15,https://urbansportsclub.com//en/venues/aktiv-reha-merianstrasse,"{'@context': 'http://schema.org', '@type': 'LocalBusiness', 'name': 'Aktiv Reha Merianstraße - freies Training', 'description': 'Willkommen bei Aktiv Reha Physiotherapie und medizinisches Training Seit 1995 bieten wir Ihnen in Freiburg Physiotherapie und medizinisches Training an und schaffen mit einer ausgewogenen Verbindung dieser beiden Bereiche die optimalen Voraussetzungen für Ihre Gesundheit. Unabhängig von Ihrem Alter trainieren wir in der individuellen Einzeltherapie Ihre Kraft und Beweglichkeit und verlangsamen altersbedingte Abbauvorgänge der Muskulatur und Knochen. Wir arbeiten mit modernen Geräten, die gelenkschonendes und effektives Training garantieren. Unser Gesundheitstraining hilft Ihnen Beschwerden des Bewegungsapparates zu lindern und das gewonnene Ergebnis langfristig zu stabilisieren. Sie können hier auf unsere langjährige Erfahrung in der Therapie und Prävention vertrauen.', 'address': {'@type': 'PostalAddress', 'addressLocality': 'Freiburg, Germany', 'addressCountry': 'Germany', 'postalCode': '79098', 'streetAddress': 'Merianstraße 13 - 15'}, 'telephone': '+49 761 55008', 'geo': {'@type': 'GeoCoordinates', 'latitude': '47.9976278', 'longitude': '7.8499834'}, 'priceRange': '-', 'image': 'https://storage.googleapis.com/download/storage/v1/b/usc-pro-uscweb-live-media/o/de-live%2Foriginal_1024x576_1199387105994114.jJNzzxqAJdy3IHJXzza5_height640_160941390791664_admin.png?alt=media'}",47.9976278,7.8499834,"Willkommen bei Aktiv Reha Physiotherapie und medizinisches Training Seit 1995 bieten wir Ihnen in Freiburg Physiotherapie und medizinisches Training an und schaffen mit einer ausgewogenen Verbindung dieser beiden Bereiche die optimalen Voraussetzungen für Ihre Gesundheit. Unabhängig von Ihrem Alter trainieren wir in der individuellen Einzeltherapie Ihre Kraft und Beweglichkeit und verlangsamen altersbedingte Abbauvorgänge der Muskulatur und Knochen. Wir arbeiten mit modernen Geräten, die gelenkschonendes und effektives Training garantieren. Unser Gesundheitstraining hilft Ihnen Beschwerden des Bewegungsapparates zu lindern und das gewonnene Ergebnis langfristig zu stabilisieren. Sie können hier auf unsere langjährige Erfahrung in der Therapie und Prävention vertrauen."
Life Fitness Offenburg,['Fitness'],False,"['Classic', 'Premium', 'Max']",Classic,Offenburg,Seeweg 35,https://urbansportsclub.com//en/venues/life-fitness-offenburg,"{'@context': 'http://schema.org', '@type': 'LocalBusiness', 'name': 'Life Fitness Offenburg', 'description': 'life perfect fitness ein cooles Fitnessstudio in Offenburg! Wir bieten neben Ihnen neben 25-jähriger Erfahrung, Fachpersonal mit neusten Trainingsprogrammen, erfolgreiche Kurse, dazu angepasste Trainingspläne, den Einblick auf Ihre &quot;wirkliche Fitness&quot; durch eine Inbody Körperanalyse und darauf abgestimmte Ernährungsberatung. Rückenschule, Yoga, Entspannungskurse, Figurkurse, HIIT Training und vieles mehr.... Es geht nicht nur darum, was oder wie man trainiert, sondern auch wo. Unser Team freut sich auf Ihren Besuch im life perfect Fitness.', 'address': {'@type': 'PostalAddress', 'addressLocality': 'Freiburg, Germany', 'addressCountry': 'Germany', 'postalCode': '77656', 'streetAddress': 'Industriestraße 5'}, 'telephone': '', 'geo': {'@type': 'GeoCoordinates', 'latitude': '48.44513', 'longitude': '7.93393'}, 'priceRange': '-', 'image': 'https://storage.googleapis.com/download/storage/v1/b/usc-pro-uscweb-live-media/o/de-live%2Foriginal_1024x576_e198c0ec413d-EingangLIfe_156534441869368_admin.jpg?alt=media'}",48.44513,7.93393,"life perfect fitness ein cooles Fitnessstudio in Offenburg! Wir bieten neben Ihnen neben 25-jähriger Erfahrung, Fachpersonal mit neusten Trainingsprogrammen, erfolgreiche Kurse, dazu angepasste Trainingspläne, den Einblick auf Ihre &quot;wirkliche Fitness&quot; durch eine Inbody Körperanalyse und darauf abgestimmte Ernährungsberatung. Rückenschule, Yoga, Entspannungskurse, Figurkurse, HIIT Training und vieles mehr.... Es geht nicht nur darum, was oder wie man trainiert, sondern auch wo. Unser Team freut sich auf Ihren Besuch im life perfect Fitness."
Easyfitness Schramberg,['Fitness'],False,"['Classic', 'Premium', 'Max']",Classic,Schramberg,Heiligenbronner Straße 26,https://urbansportsclub.com//en/venues/easyfitness-schramberg,"{'@context': 'http://schema.org', '@type': 'LocalBusiness', 'name': 'Easyfitness Schramberg', 'description': 'Easyfitness Schramberg freut sich auf Dich!', 'address': {'@type': 'PostalAddress', 'addressLocality': 'Freiburg, Germany', 'addressCountry': 'Germany', 'postalCode': '78713', 'streetAddress': 'Heiligenbronner Straße 26'}, 'telephone': '+44 74222448438', 'geo': {'@type': 'GeoCoordinates', 'latitude': '48.2308419', 'longitude': '8.422839'}, 'priceRange': '-', 'image': 'https://storage.googleapis.com/download/storage/v1/b/usc-pro-uscweb-live-media/o/de-live%2Foriginal_640x360_sloerimceg0pvudljkvt_1732622118579701.png?generation=1732622118635385&amp;alt=media'}",48.2308419,8.422839,Easyfitness Schramberg freut sich auf Dich!
Wellness & GHZ Solemar - Fitness,['Fitness'],False,"['Classic', 'Premium', 'Max']",Classic,Bad Dürrheim,Huberstraße 8,https://urbansportsclub.com//en/venues/wellness-ghz-solemar-fitness,"{'@context': 'http://schema.org', '@type': 'LocalBusiness', 'name': 'Wellness &amp; GHZ Solemar - Fitness', 'description': 'Fitness im Solemar Bad Dürrheim Trainieren Sie auf über 800 m² unter therapeutischer Anleitung! Entdecken Sie das Fitnessstudio im Wellness- und Gesundheitszentrum Solemar in Bad Dürrheim mit modernen Geräten und einem Kursangebot von über 50 Kursen pro Woche. All unsere Kurse entsprechen den Richtlinien nach §20 SGB V und können von Ihrer Krankenkasse bezuschusst werden. Mit modernsten Trainingsgeräten mit integrierter Trainingssoftware wird das Training in unserem Fitnessstudio auf allen Ebenen professionell gesteuert und dokumentiert. Unterstützt durch das Fachwissen von diplomierten und examinierten Sportlehrern ermöglichen wir Ihnen ein optimales Training für optimalen Erfolg. Das Fitnessstudio im Solemar bietet Ihnen mit den neuen Trainingsgeräten zahlreiche Vorteile: •tEinen leichten Einstieg •tMaximales Bewegungsausmaß •tBestmögliche Benutzerfreundlichkeit •tFunktionsnahe Bewegungen Alle Trainingsgeräte sind so ausgewählt, dass Menschen aller Altersstufen und Fitnesslevels gleichermaßen ein ganz individuelles Training ermöglicht wird. Haben Sie Fragen, möchten Sie weitere Informationen oder ein Probetraining vereinbaren? Kontaktieren Sie uns unter Tel. 0 77 26 / 66 63 08 oder per E-Mail info@solemar.de. Wir freuen uns auf Ihren Besuch! www.fitness-solemar.de', 'address': {'@type': 'PostalAddress', 'addressLocality': 'Freiburg, Germany', 'addressCountry': 'Germany', 'postalCode': '78073', 'streetAddress': 'Huberstraße 8'}, 'telephone': '+49 7726 666308', 'geo': {'@type': 'GeoCoordinates', 'latitude': '48.01593', 'longitude': '8.53446'}, 'priceRange': '-', 'image': 'https://storage.googleapis.com/download/storage/v1/b/usc-pro-uscweb-live-media/o/de-live%2Foriginal_1024x576_bd%2020150723%200185_1581682238645482_admin.jpg?alt=media'}",48.01593,8.53446,"Fitness im Solemar Bad Dürrheim Trainieren Sie auf über 800 m² unter therapeutischer Anleitung! Entdecken Sie das Fitnessstudio im Wellness- und Gesundheitszentrum Solemar in Bad Dürrheim mit modernen Geräten und einem Kursangebot von über 50 Kursen pro Woche. All unsere Kurse entsprechen den Richtlinien nach §20 SGB V und können von Ihrer Krankenkasse bezuschusst werden. Mit modernsten Trainingsgeräten mit integrierter Trainingssoftware wird das Training in unserem Fitnessstudio auf allen Ebenen professionell gesteuert und dokumentiert. Unterstützt durch das Fachwissen von diplomierten und examinierten Sportlehrern ermöglichen wir Ihnen ein optimales Training für optimalen Erfolg. Das Fitnessstudio im Solemar bietet Ihnen mit den neuen Trainingsgeräten zahlreiche Vorteile: •tEinen leichten Einstieg •tMaximales Bewegungsausmaß •tBestmögliche Benutzerfreundlichkeit •tFunktionsnahe Bewegungen Alle Trainingsgeräte sind so ausgewählt, dass Menschen aller Altersstufen und Fitnesslevels gleichermaßen ein ganz individuelles Training ermöglicht wird. Haben Sie Fragen, möchten Sie weitere Informationen oder ein Probetraining vereinbaren? Kontaktieren Sie uns unter Tel. 0 77 26 / 66 63 08 oder per E-Mail info@solemar.de. Wir freuen uns auf Ihren Besuch! www.fitness-solemar.de"
Fit&Vital / Therapie&Fitnesszentrum Klöckner,['Fitness'],False,"['Classic', 'Premium', 'Max']",Classic,Waldkirch,Schusterstrasse 4-8,https://urbansportsclub.com//en/venues/fitvital-therapiefitnesszentrum-klockner,"{'@context': 'http://schema.org', '@type': 'LocalBusiness', 'name': 'Fit&amp;Vital / Therapie&amp;Fitnesszentrum Klöckner', 'description': 'Fit&amp;Vital / Therapie &amp;Fitnesszentrum Klöckner freut sich auf dich', 'address': {'@type': 'PostalAddress', 'addressLocality': 'Freiburg, Germany', 'addressCountry': 'Germany', 'postalCode': '79183', 'streetAddress': 'Schusterstrasse 4-8'}, 'telephone': '', 'geo': {'@type': 'GeoCoordinates', 'latitude': '48.0941207', 'longitude': '7.961748'}, 'priceRange': '-', 'image': 'https://storage.googleapis.com/download/storage/v1/b/usc-pro-uscweb-live-media/o/de-live%2Foriginal_1686x948_fitnesscompressed_1601449434425991_admin.jpg?alt=media'}",48.0941207,7.961748,Fit&amp;Vital / Therapie &amp;Fitnesszentrum Klöckner freut sich auf dich
Yogastudio Freiburg - Brombergstraße,['Yoga'],False,"['Classic', 'Premium', 'Max']",Classic,Wiehre,Brombergstraße 17C,https://urbansportsclub.com//en/venues/yoga-im-sthlinger-yoga-akademie-freiburg,"{'@context': 'http://schema.org', '@type': 'LocalBusiness', 'name': 'Yogastudio Freiburg - Brombergstraße', 'description': 'Wünschst du dir mehr Gelassenheit? Ein gutes Körpergefühl? Brauchst du einen Ausgleich zum Alltag? Dann bist du bei uns goldrichtig! Wir bieten eine regelmäßige Yogapraxis in Form von Gruppenkursen im Studio, Workshops, Einzelstunden und Yogareisen an. Unser Yoga-Stil ist gleichzeitig kraftvoll dynamisch und meditativ entspannt.', 'address': {'@type': 'PostalAddress', 'addressLocality': 'Freiburg, Germany', 'addressCountry': 'Germany', 'postalCode': '79102', 'streetAddress': 'Brombergstraße 17C'}, 'telephone': '', 'geo': {'@type': 'GeoCoordinates', 'latitude': '47.98747', 'longitude': '7.85146'}, 'priceRange': '-', 'image': 'https://storage.googleapis.com/download/storage/v1/b/usc-pro-uscweb-live-media/o/de-live%2Foriginal_2048x1152_25fe9d483db7-67752009_2947780718780280_2548016333631520768_o_2947780715446947_1695971081117855_admin.jpg?generation=1695971081217138&amp;alt=media'}",47.98747,7.85146,"Wünschst du dir mehr Gelassenheit? Ein gutes Körpergefühl? Brauchst du einen Ausgleich zum Alltag? Dann bist du bei uns goldrichtig! Wir bieten eine regelmäßige Yogapraxis in Form von Gruppenkursen im Studio, Workshops, Einzelstunden und Yogareisen an. Unser Yoga-Stil ist gleichzeitig kraftvoll dynamisch und meditativ entspannt."
Freibad St. Georgen,['Swimming'],False,"['Essential', 'Classic', 'Premium', 'Max']",Essential,St. Georgen,Am Mettweg 42,https://urbansportsclub.com//en/venues/freibad-st-georgen-1,"{'@context': 'http://schema.org', '@type': 'LocalBusiness', 'name': 'Freibad St. Georgen', 'description': '', 'address': {'@type': 'PostalAddress', 'addressLocality': 'Freiburg, Germany', 'addressCountry': 'Germany', 'postalCode': '79111', 'streetAddress': 'Am Mettweg 42'}, 'telephone': '+44 7612 105580', 'geo': {'@type': 'GeoCoordinates', 'latitude': '47.9783201', 'longitude': '7.8058717'}, 'priceRange': '-', 'image': 'https://storage.googleapis.com/download/storage/v1/b/usc-pro-uscweb-live-media/o/venues%2Foriginal_640x360_jis4vdatehbzxgxn0fh6_1756820468408559.png?generation=1756820468501381&amp;alt=media'}",47.9783201,7.8058717,
Britz Physio,['Fitness'],False,"['Classic', 'Premium', 'Max']",Classic,Kehl,Blumenthalstraße 32,https://urbansportsclub.com//en/venues/britz-physio,"{'@context': 'http://schema.org', '@type': 'LocalBusiness', 'name': 'Britz Physio', 'description': 'Britz Physio freut sich auf dich!', 'address': {'@type': 'PostalAddress', 'addressLocality': 'Freiburg, Germany', 'addressCountry': 'Germany', 'postalCode': '77694, Kehl -', 'streetAddress': 'Blumenthalstraße 32'}, 'telephone': '+44 7851 958104', 'geo': {'@type': 'GeoCoordinates', 'latitude': '48.6052259', 'longitude': '7.8410411'}, 'priceRange': '-', 'image': 'https://storage.googleapis.com/download/storage/v1/b/usc-pro-uscweb-live-media/o/venues%2Foriginal_1024x576_fitnesscompressed_1655455551767238_admin.jpg?generation=1751979131895443&amp;alt=media'}",48.6052259,7.8410411,Britz Physio freut sich auf dich!
Movin am Mooswald,['Fitness'],False,"['Classic', 'Premium', 'Max']",Classic,Landwasser,Wirthstraße 9,https://urbansportsclub.com//en/venues/movin-am-mooswald,"{'@context': 'http://schema.org', '@type': 'LocalBusiness', 'name': 'Movin am Mooswald', 'description': 'Movin am Lorettoberg - Wir versuchen in unserem Physiotherapiezentrum nach dem Motto „Hilfe zur Selbsthilfe“ (Salutogenese) tätig zu werden. Uns ist es wichtig, Sie als Team individuell mit unseren Fachkompetenzen zu betreuen. Unser therapeutischer Anspruch und unser Streben besteht darin, Ihnen mit perfektionistischem Handeln und Denken optimal helfen zu können.', 'address': {'@type': 'PostalAddress', 'addressLocality': 'Freiburg, Germany', 'addressCountry': 'Germany', 'postalCode': '79110', 'streetAddress': 'Wirthstraße 9'}, 'telephone': '', 'geo': {'@type': 'GeoCoordinates', 'latitude': '48.02535', 'longitude': '7.8149'}, 'priceRange': '-', 'image': 'https://storage.googleapis.com/download/storage/v1/b/usc-pro-uscweb-live-media/o/de-live%2Foriginal_640x360_fnhikapdyw92llkvvhrg_1676031020478155.png?generation=1676031020664325&amp;alt=media'}",48.02535,7.8149,"Movin am Lorettoberg - Wir versuchen in unserem Physiotherapiezentrum nach dem Motto „Hilfe zur Selbsthilfe“ (Salutogenese) tätig zu werden. Uns ist es wichtig, Sie als Team individuell mit unseren Fachkompetenzen zu betreuen. Unser therapeutischer Anspruch und unser Streben besteht darin, Ihnen mit perfektionistischem Handeln und Denken optimal helfen zu können."
PRIME TIME fitness Home - Hüfingen,['Fitness'],False,"['Premium', 'Max']",Premium,Hüfingen,Bregstraße 3,https://urbansportsclub.com//en/venues/prime-time-fitness-home-hfingen,"{'@context': 'http://schema.org', '@type': 'LocalBusiness', 'name': 'PRIME TIME fitness Home - Hüfingen', 'description': 'PRIME TIME fitness freut sich auf Dich!', 'address': {'@type': 'PostalAddress', 'addressLocality': 'Freiburg, Germany', 'addressCountry': 'Germany', 'postalCode': '78183', 'streetAddress': 'Bregstraße 3'}, 'telephone': '', 'geo': {'@type': 'GeoCoordinates', 'latitude': '47.9327875', 'longitude': '8.4947093'}, 'priceRange': '-', 'image': 'https://storage.googleapis.com/download/storage/v1/b/usc-pro-uscweb-live-media/o/de-live%2Foriginal_640x360_gcxqeojaoesq0qogpgte_1731570870566639.png?generation=1731570870617251&amp;alt=media'}",47.9327875,8.4947093,PRIME TIME fitness freut sich auf Dich!
Körperwerk Emmendingen,"['Fitness', 'Pilates']",False,"['Classic', 'Premium', 'Max']",Classic,Emmendingen,Platanenweg 7,https://urbansportsclub.com//en/venues/korperwerk-emmendingen,"{'@context': 'http://schema.org', '@type': 'LocalBusiness', 'name': 'Körperwerk Emmendingen', 'description': 'Körperwerk freut sich auf deinen Besuch!', 'address': {'@type': 'PostalAddress', 'addressLocality': 'Freiburg, Germany', 'addressCountry': 'Germany', 'postalCode': '79312', 'streetAddress': 'Platanenweg 7'}, 'telephone': '+49 7641 9356044', 'geo': {'@type': 'GeoCoordinates', 'latitude': '48.1145945', 'longitude': '7.8533676'}, 'priceRange': '-', 'image': 'https://storage.googleapis.com/download/storage/v1/b/usc-pro-uscweb-live-media/o/de-live%2Foriginal_3000x1688_719d9de6e142-Susanne_Schulter_29_04_2017_1177_bearbeitetneue_Lichtstimmung_hoch_JPG_1569242794745116_admin.jpg?alt=media'}",48.1145945,7.8533676,Körperwerk freut sich auf deinen Besuch!
Hallenbad Haslach,['Swimming'],False,"['Essential', 'Classic', 'Premium', 'Max']",Essential,Altstadt,Carl-Kistner-Straße 67,https://urbansportsclub.com//en/venues/hallenbad-haslach-1,"{'@context': 'http://schema.org', '@type': 'LocalBusiness', 'name': 'Hallenbad Haslach', 'description': '', 'address': {'@type': 'PostalAddress', 'addressLocality': 'Freiburg, Germany', 'addressCountry': 'Germany', 'postalCode': '79115', 'streetAddress': 'Carl-Kistner-Straße 67'}, 'telephone': '+44 7612 105520', 'geo': {'@type': 'GeoCoordinates', 'latitude': '47.98993', 'longitude': '7.8248008'}, 'priceRange': '-', 'image': 'https://storage.googleapis.com/download/storage/v1/b/usc-pro-uscweb-live-media/o/venues%2Foriginal_640x360_uww2noky29hbodbkmu9f_1756820729298338.png?generation=1756820729389338&amp;alt=media'}",47.98993,7.8248008,
Movin am Lorettoberg,['Fitness'],False,"['Classic', 'Premium', 'Max']",Classic,Wiehre,Mercystrasse 14,https://urbansportsclub.com//en/venues/movin-am-lorettoberg,"{'@context': 'http://schema.org', '@type': 'LocalBusiness', 'name': 'Movin am Lorettoberg', 'description': 'Movin am Lorettoberg - Wir versuchen in unserem Physiotherapiezentrum nach dem Motto „Hilfe zur Selbsthilfe“ (Salutogenese) tätig zu werden. Uns ist es wichtig, Sie als Team individuell mit unseren Fachkompetenzen zu betreuen. Unser therapeutischer Anspruch und unser Streben besteht darin, Ihnen mit perfektionistischem Handeln und Denken optimal helfen zu können.', 'address': {'@type': 'PostalAddress', 'addressLocality': 'Freiburg, Germany', 'addressCountry': 'Germany', 'postalCode': '79100', 'streetAddress': 'Mercystrasse 14'}, 'telephone': '', 'geo': {'@type': 'GeoCoordinates', 'latitude': '47.9826', 'longitude': '7.84079'}, 'priceRange': '-', 'image': 'https://storage.googleapis.com/download/storage/v1/b/usc-pro-uscweb-live-media/o/de-live%2Foriginal_640x360_boxyeoymfg0xnxhorpy5_1695109588912752.png?generation=1695109589127737&amp;alt=media'}",47.9826,7.84079,"Movin am Lorettoberg - Wir versuchen in unserem Physiotherapiezentrum nach dem Motto „Hilfe zur Selbsthilfe“ (Salutogenese) tätig zu werden. Uns ist es wichtig, Sie als Team individuell mit unseren Fachkompetenzen zu betreuen. Unser therapeutischer Anspruch und unser Streben besteht darin, Ihnen mit perfektionistischem Handeln und Denken optimal helfen zu können."
Hallenbad Faulerbad,['Swimming'],False,"['Essential', 'Classic', 'Premium', 'Max']",Essential,Altstadt,Faulerstraße 1,https://urbansportsclub.com//en/venues/hallenbad-faulerbad,"{'@context': 'http://schema.org', '@type': 'LocalBusiness', 'name': 'Hallenbad Faulerbad', 'description': '', 'address': {'@type': 'PostalAddress', 'addressLocality': 'Freiburg, Germany', 'addressCountry': 'Germany', 'postalCode': '79098', 'streetAddress': 'Faulerstraße 1'}, 'telephone': '+44 7612 105530', 'geo': {'@type': 'GeoCoordinates', 'latitude': '47.9917553', 'longitude': '7.8419741'}, 'priceRange': '-', 'image': 'https://storage.googleapis.com/download/storage/v1/b/usc-pro-uscweb-live-media/o/venues%2Foriginal_640x360_uojotfcvql8mnw7dzvyf_1756820605881603.png?generation=1756820605974249&amp;alt=media'}",47.9917553,7.8419741,
liebdich in Freiburg,['Wellness'],True,"['Premium', 'Max']",Premium,Stühlinger,Zita-Kaiser-Straße 30,https://urbansportsclub.com//en/venues/liebdich-in-freiburg,"{'@context': 'http://schema.org', '@type': 'LocalBusiness', 'name': 'liebdich in Freiburg', 'description': '', 'address': {'@type': 'PostalAddress', 'addressLocality': 'Freiburg, Germany', 'addressCountry': 'Germany', 'postalCode': '79106', 'streetAddress': 'Zita-Kaiser-Straße 30'}, 'telephone': '+44 76159414677', 'geo': {'@type': 'GeoCoordinates', 'latitude': '48.0142035', 'longitude': '7.8503185'}, 'priceRange': '-', 'image': 'https://storage.googleapis.com/download/storage/v1/b/usc-pro-uscweb-live-media/o/venues%2Foriginal_640x360_nwq4tl57ayoajqjdn5a1_1766401211559063.png?generation=1766401211658659&amp;alt=media'}",48.0142035,7.8503185,
Achilles Therapie & Training,['Fitness'],False,"['Classic', 'Premium', 'Max']",Classic,Emmendingen,Cornelia-Passage 8,https://urbansportsclub.com//en/venues/achilles-therapie-training-deal,"{'@context': 'http://schema.org', '@type': 'LocalBusiness', 'name': 'Achilles Therapie &amp; Training', 'description': 'Willkommen bei Achilles Therapie und Training! Seit 1998 bieten wir im Zentrum von Emmendingen Physiotherapie, Ergotherapie und medizinische Trainingstherapie an und schaffen mit diesem Angebot die optimale Voraussetzung für Ihre Gesundheit. Unabhängig von Ihrem Alter trainieren wir in der individuellen Einzeltherapie Ihre Kraft und Beweglichkeit und verlangsamen altersbedingte Abbauvorgänge der Muskulatur und Knochen. Wir arbeiten mit modernen Geräten, die gelenkschonendes und effektives Training garantieren. Unser Gesundheitstraining hilft Ihnen Beschwerden des Bewegungsapparates zu lindern und das gewonnene Ergebnis langfristig zu stabilisieren. Sie können hier auf unsere langjährige Erfahrung in der Therapie und Prävention vertrauen.', 'address': {'@type': 'PostalAddress', 'addressLocality': 'Freiburg, Germany', 'addressCountry': 'Germany', 'postalCode': '79312', 'streetAddress': 'Cornelia-Passage 8'}, 'telephone': '', 'geo': {'@type': 'GeoCoordinates', 'latitude': '48.1201902', 'longitude': '7.8480145'}, 'priceRange': '-', 'image': 'https://storage.googleapis.com/download/storage/v1/b/usc-pro-uscweb-live-media/o/de-live%2Foriginal_2016x1134_25924b191aaf-IMG_2044_1558960733248144_admin.jpg?alt=media'}",48.1201902,7.8480145,"Willkommen bei Achilles Therapie und Training! Seit 1998 bieten wir im Zentrum von Emmendingen Physiotherapie, Ergotherapie und medizinische Trainingstherapie an und schaffen mit diesem Angebot die optimale Voraussetzung für Ihre Gesundheit. Unabhängig von Ihrem Alter trainieren wir in der individuellen Einzeltherapie Ihre Kraft und Beweglichkeit und verlangsamen altersbedingte Abbauvorgänge der Muskulatur und Knochen. Wir arbeiten mit modernen Geräten, die gelenkschonendes und effektives Training garantieren. Unser Gesundheitstraining hilft Ihnen Beschwerden des Bewegungsapparates zu lindern und das gewonnene Ergebnis langfristig zu stabilisieren. Sie können hier auf unsere langjährige Erfahrung in der Therapie und Prävention vertrauen."
Aloha Center SUP-Freiburg,['Stand Up Paddling'],False,"['Premium', 'Max']",Premium,Hinterzarten,Raitenbucherstr. 37,https://urbansportsclub.com//en/venues/aloha-center,"{'@context': 'http://schema.org', '@type': 'LocalBusiness', 'name': 'Aloha Center SUP-Freiburg', 'description': 'SUP&#039;en auf dem idyllischen Windgfällweiher, eingebettet in die ursprüngliche Natur des Schwarzwaldes. Das ganz besondere Paddelerlebnis!', 'address': {'@type': 'PostalAddress', 'addressLocality': 'Freiburg, Germany', 'addressCountry': 'Germany', 'postalCode': '79853', 'streetAddress': 'Raitenbucherstr. 37'}, 'telephone': '', 'geo': {'@type': 'GeoCoordinates', 'latitude': '47.8528133', 'longitude': '8.1280715'}, 'priceRange': '-', 'image': 'https://storage.googleapis.com/download/storage/v1/b/usc-pro-uscweb-live-media/o/de-live%2Foriginal_2000x1125_91e3acd6792e-20160909_5181_copy_small_1559136716886563_admin.jpg?alt=media'}",47.8528133,8.1280715,"SUP&#039;en auf dem idyllischen Windgfällweiher, eingebettet in die ursprüngliche Natur des Schwarzwaldes. Das ganz besondere Paddelerlebnis!"
Arzu Heine Signature Personaltraining,['Functional Training'],False,"['Premium', 'Max']",Premium,Villingen,Schäfersteig 17/1,https://urbansportsclub.com//en/venues/arzu-heine-signature-personaltraining,"{'@context': 'http://schema.org', '@type': 'LocalBusiness', 'name': 'Arzu Heine Signature Personaltraining', 'description': '', 'address': {'@type': 'PostalAddress', 'addressLocality': 'Freiburg, Germany', 'addressCountry': 'Germany', 'postalCode': '78048', 'streetAddress': 'Schäfersteig 17/1'}, 'telephone': '', 'geo': {'@type': 'GeoCoordinates', 'latitude': '48.0553265', 'longitude': '8.473046'}, 'priceRange': '-', 'image': 'https://urbansportsclub.com/images/merchant/venueHome.jpg'}",48.0553265,8.473046,
Capoeira Freiburg - Lortzingschule,['Capoeira'],False,"['Essential', 'Classic', 'Premium', 'Max']",Essential,Stühlinger,Lortzingstr. 1,https://urbansportsclub.com//en/venues/capoeira-freiburg-lortzingschule,"{'@context': 'http://schema.org', '@type': 'LocalBusiness', 'name': 'Capoeira Freiburg - Lortzingschule', 'description': '...eine spielerische Art zu kämpfen - eine kämpferische Art zu tanzen... Lerne die brasilianische Tanz - und Kampfkunst bei uns kennen! Capoeira ist ein sehr lebendiger und verspielter Kampftanz, bei welchem die Capoeiraspieler zunächst einen Kreis, die so genannte „Roda“ bilden. Angefeuert von der Musik der traditionellen Instrumente, dem rhythmischen Klatschen und Singen aller Teilnehmer gehen immer zwei Capoeirista in den Kreis und spielen miteinander. Die Kampfbewegungen werden hierbei nur angedeutet, sodass es so aussieht als würde getanzt. Beim Training werden neben diesen schönen, fließenden Bewegungen auch das Spielen auf (Percussion-)Instrumenten, das Singen von Capoeiraliedern (in portugiesischer Sprache) und Tanz &amp; Rhythmus gelehrt. Bei uns ist absolut jeder herzlich willkommen... ...unabhängig von Alter, Geschlecht, Nationalität, Gewicht oder Stärke.Egal ob du als Anfänger, Fortgeschrittener oder Wiedereinsteiger zu uns kommst: Jeder spielt mit jedem und es gibt keine Verlierer. Bitte beachtet, dass unser Training ausschließlich außerhalb der Schulferien stattfindet.', 'address': {'@type': 'PostalAddress', 'addressLocality': 'Freiburg, Germany', 'addressCountry': 'Germany', 'postalCode': '79106', 'streetAddress': 'Lortzingstr. 1'}, 'telephone': '', 'geo': {'@type': 'GeoCoordinates', 'latitude': '48.00506', 'longitude': '7.84446'}, 'priceRange': '-', 'image': 'https://storage.googleapis.com/download/storage/v1/b/usc-pro-uscweb-live-media/o/de-live%2Foriginal_1024x576_a1d077f04a34-IMG_4804_1557482812501157_admin.jpg?alt=media'}",48.00506,7.84446,"...eine spielerische Art zu kämpfen - eine kämpferische Art zu tanzen... Lerne die brasilianische Tanz - und Kampfkunst bei uns kennen! Capoeira ist ein sehr lebendiger und verspielter Kampftanz, bei welchem die Capoeiraspieler zunächst einen Kreis, die so genannte „Roda“ bilden. Angefeuert von der Musik der traditionellen Instrumente, dem rhythmischen Klatschen und Singen aller Teilnehmer gehen immer zwei Capoeirista in den Kreis und spielen miteinander. Die Kampfbewegungen werden hierbei nur angedeutet, sodass es so aussieht als würde getanzt. Beim Training werden neben diesen schönen, fließenden Bewegungen auch das Spielen auf (Percussion-)Instrumenten, das Singen von Capoeiraliedern (in portugiesischer Sprache) und Tanz &amp; Rhythmus gelehrt. Bei uns ist absolut jeder herzlich willkommen... ...unabhängig von Alter, Geschlecht, Nationalität, Gewicht oder Stärke.Egal ob du als Anfänger, Fortgeschrittener oder Wiedereinsteiger zu uns kommst: Jeder spielt mit jedem und es gibt keine Verlierer. Bitte beachtet, dass unser Training ausschließlich außerhalb der Schulferien stattfindet."
Capoeira Freiburg - Tanz Zentrum West,['Capoeira'],False,"['Essential', 'Classic', 'Premium', 'Max']",Essential,Betzenhausen,Ensisheimer Str. 8,https://urbansportsclub.com//en/venues/capoeira-freiburg-tanz-zentrum-west,"{'@context': 'http://schema.org', '@type': 'LocalBusiness', 'name': 'Capoeira Freiburg - Tanz Zentrum West', 'description': '...eine spielerische Art zu kämpfen - eine kämpferische Art zu tanzen... Lerne die brasilianische Tanz - und Kampfkunst bei uns kennen! Capoeira ist ein sehr lebendiger und verspielter Kampftanz, bei welchem die Capoeiraspieler zunächst einen Kreis, die so genannte „Roda“ bilden. Angefeuert von der Musik der traditionellen Instrumente, dem rhythmischen Klatschen und Singen aller Teilnehmer gehen immer zwei Capoeirista in den Kreis und spielen miteinander. Die Kampfbewegungen werden hierbei nur angedeutet, sodass es so aussieht als würde getanzt. Beim Training werden neben diesen schönen, fließenden Bewegungen auch das Spielen auf (Percussion-)Instrumenten, das Singen von Capoeiraliedern (in portugiesischer Sprache) und Tanz &amp; Rhythmus gelehrt. Bei uns ist absolut jeder herzlich willkommen... ...unabhängig von Alter, Geschlecht, Nationalität, Gewicht oder Stärke.Egal ob du als Anfänger, Fortgeschrittener oder Wiedereinsteiger zu uns kommst: Jeder spielt mit jedem und es gibt keine Verlierer. Bitte beachtet, dass unser Training ausschließlich außerhalb der Schulferien stattfindet.', 'address': {'@type': 'PostalAddress', 'addressLocality': 'Freiburg, Germany', 'addressCountry': 'Germany', 'postalCode': '79110', 'streetAddress': 'Ensisheimer Str. 8'}, 'telephone': '', 'geo': {'@type': 'GeoCoordinates', 'latitude': '48.0098933', 'longitude': '7.8280277'}, 'priceRange': '-', 'image': 'https://storage.googleapis.com/download/storage/v1/b/usc-pro-uscweb-live-media/o/de-live%2Foriginal_1067x600_bfc1a947fb7a-Capoeira_Freiburg_Logo_mit_MLI_1599482097583338_admin.png?alt=media'}",48.0098933,7.8280277,"...eine spielerische Art zu kämpfen - eine kämpferische Art zu tanzen... Lerne die brasilianische Tanz - und Kampfkunst bei uns kennen! Capoeira ist ein sehr lebendiger und verspielter Kampftanz, bei welchem die Capoeiraspieler zunächst einen Kreis, die so genannte „Roda“ bilden. Angefeuert von der Musik der traditionellen Instrumente, dem rhythmischen Klatschen und Singen aller Teilnehmer gehen immer zwei Capoeirista in den Kreis und spielen miteinander. Die Kampfbewegungen werden hierbei nur angedeutet, sodass es so aussieht als würde getanzt. Beim Training werden neben diesen schönen, fließenden Bewegungen auch das Spielen auf (Percussion-)Instrumenten, das Singen von Capoeiraliedern (in portugiesischer Sprache) und Tanz &amp; Rhythmus gelehrt. Bei uns ist absolut jeder herzlich willkommen... ...unabhängig von Alter, Geschlecht, Nationalität, Gewicht oder Stärke.Egal ob du als Anfänger, Fortgeschrittener oder Wiedereinsteiger zu uns kommst: Jeder spielt mit jedem und es gibt keine Verlierer. Bitte beachtet, dass unser Training ausschließlich außerhalb der Schulferien stattfindet."
Eislaufen beim EHC,['Ice Skating'],False,"['Essential', 'Classic', 'Premium', 'Max']",Essential,West,Ensisheimer Straße 1,https://urbansportsclub.com//en/venues/eislaufen-beim-ehc,"{'@context': 'http://schema.org', '@type': 'LocalBusiness', 'name': 'Eislaufen beim EHC', 'description': 'Eislaufen beim EHC freut sich auf deinen Besuch!', 'address': {'@type': 'PostalAddress', 'addressLocality': 'Freiburg, Germany', 'addressCountry': 'Germany', 'postalCode': '79110', 'streetAddress': 'Ensisheimer Straße 1'}, 'telephone': '', 'geo': {'@type': 'GeoCoordinates', 'latitude': '48.0087741', 'longitude': '7.8270255'}, 'priceRange': '-', 'image': 'https://storage.googleapis.com/download/storage/v1/b/usc-pro-uscweb-live-media/o/de-live%2Foriginal_1688x950_EislaufenCompressed_1570633986721935_admin.jpg?alt=media'}",48.0087741,7.8270255,Eislaufen beim EHC freut sich auf deinen Besuch!
Fitness Park,"['Fitness', 'Indoor Cycling', 'Pilates', 'Yoga']",False,"['Classic', 'Premium', 'Max']",Classic,Offenburg,Freiburgerstrasse 24,https://urbansportsclub.com//en/venues/fitness-park,"{'@context': 'http://schema.org', '@type': 'LocalBusiness', 'name': 'Fitness Park', 'description': 'Fitness Park freut sich auf deinen Besuch!', 'address': {'@type': 'PostalAddress', 'addressLocality': 'Freiburg, Germany', 'addressCountry': 'Germany', 'postalCode': '77652', 'streetAddress': 'Freiburgerstrasse 24'}, 'telephone': '', 'geo': {'@type': 'GeoCoordinates', 'latitude': '48.4742083', 'longitude': '7.934185'}, 'priceRange': '-', 'image': 'https://storage.googleapis.com/download/storage/v1/b/usc-pro-uscweb-live-media/o/de-live%2Foriginal_1686x948_fitnesscompressed_1569236971126129_admin.jpg?alt=media'}",48.4742083,7.934185,Fitness Park freut sich auf deinen Besuch!
Fitness mit Maximilian,['Fitness'],False,"['Classic', 'Premium', 'Max']",Classic,Stühlinger,Achim-Stocker-Straße 1,https://urbansportsclub.com//en/venues/lionsoul,"{'@context': 'http://schema.org', '@type': 'LocalBusiness', 'name': 'Fitness mit Maximilian ', 'description': 'Bist du bereit, deinen Körper zu transformieren, stärker zu werden und deine Ausdauer auf ein neues Level zu heben? Mein Sportkurs findet im atemberaubenden Dietenbach Park statt, der perfekte Ort, um deine Grenzen zu testen und deinen inneren Champion zu entfesseln! Ob du gerade erst anfängst oder schon ein altgedienter Fitness-Veteran bist, hier gibt es keine Ausreden, nur beeindruckende Ergebnisse. In der frischen Luft, umgeben von der Schönheit der Natur, werden wir gemeinsam schwitzen, kämpfen und uns herausfordern.Zieh deine Sportschuhe an, pack deine Entschlossenheit ein und mach dich bereit für die härteste, aber auch lohnendste Reise deines Lebens. Lass uns den Dietenbach Park in unser persönliches Fitnessstudio verwandeln und zusammen die Kontrolle über deine Fitness-Ziele übernehmen. Bist du bereit? Dann komm und tritt der Arena im Dietenbach Park bei. Deine Reise beginnt jetzt! Wann? Immrr Mittwochs 19 Uhr Wo? Dietenbachpark Robert-Ruh-Weg 1, 79114 Freiburg im Breisgau Name: Maximilian Stritt', 'address': {'@type': 'PostalAddress', 'addressLocality': 'Freiburg, Germany', 'addressCountry': 'Germany', 'postalCode': '79108', 'streetAddress': 'Achim-Stocker-Straße 1'}, 'telephone': '+49 177 3410995', 'geo': {'@type': 'GeoCoordinates', 'latitude': '48.0205627', 'longitude': '7.8300463'}, 'priceRange': '-', 'image': 'https://storage.googleapis.com/download/storage/v1/b/usc-pro-uscweb-live-media/o/de-live%2Foriginal_1080x607_vxnbcgc1ndmryyhvs2os_1716662713704998.png?generation=1716662713785070&amp;alt=media'}",48.0205627,7.8300463,"Bist du bereit, deinen Körper zu transformieren, stärker zu werden und deine Ausdauer auf ein neues Level zu heben? Mein Sportkurs findet im atemberaubenden Dietenbach Park statt, der perfekte Ort, um deine Grenzen zu testen und deinen inneren Champion zu entfesseln! Ob du gerade erst anfängst oder schon ein altgedienter Fitness-Veteran bist, hier gibt es keine Ausreden, nur beeindruckende Ergebnisse. In der frischen Luft, umgeben von der Schönheit der Natur, werden wir gemeinsam schwitzen, kämpfen und uns herausfordern.Zieh deine Sportschuhe an, pack deine Entschlossenheit ein und mach dich bereit für die härteste, aber auch lohnendste Reise deines Lebens. Lass uns den Dietenbach Park in unser persönliches Fitnessstudio verwandeln und zusammen die Kontrolle über deine Fitness-Ziele übernehmen. Bist du bereit? Dann komm und tritt der Arena im Dietenbach Park bei. Deine Reise beginnt jetzt! Wann? Immrr Mittwochs 19 Uhr Wo? Dietenbachpark Robert-Ruh-Weg 1, 79114 Freiburg im Breisgau Name: Maximilian Stritt"
Fitness-Mize,['Functional Training'],False,"['Classic', 'Premium', 'Max']",Classic,Rieselfeld,Kirchstraße 5,https://urbansportsclub.com//en/venues/fitness-mize,"{'@context': 'http://schema.org', '@type': 'LocalBusiness', 'name': 'Fitness-Mize', 'description': '', 'address': {'@type': 'PostalAddress', 'addressLocality': 'Freiburg, Germany', 'addressCountry': 'Germany', 'postalCode': '79359', 'streetAddress': 'Kirchstraße 5'}, 'telephone': '', 'geo': {'@type': 'GeoCoordinates', 'latitude': '48.1516691', 'longitude': '7.7493054'}, 'priceRange': '-', 'image': 'https://storage.googleapis.com/download/storage/v1/b/usc-pro-uscweb-live-media/o/venues%2Foriginal_1024x576_xcgbxh5xav3cp964gd2n_1770639750918129.png?generation=1770639751045247&amp;alt=media'}",48.1516691,7.7493054,
HEIUKI SUP & Kajak - Konstanz Rhein,['Stand Up Paddling'],False,"['Premium', 'Max']",Premium,Konstanz,"Turmstraße 30/32, 78467 Konstanz",https://urbansportsclub.com//en/venues/heiuki-sup-kajak-konstanz-rhein,"{'@context': 'http://schema.org', '@type': 'LocalBusiness', 'name': 'HEIUKI SUP &amp; Kajak - Konstanz Rhein', 'description': 'HEIUKI SUP &amp; Kajak Automat freut sich auf dich!', 'address': {'@type': 'PostalAddress', 'addressLocality': 'Freiburg, Germany', 'addressCountry': 'Germany', 'postalCode': '78467', 'streetAddress': 'Turmstraße 30/32, 78467 Konstanz'}, 'telephone': '', 'geo': {'@type': 'GeoCoordinates', 'latitude': '47.670267', 'longitude': '9.1543569'}, 'priceRange': '-', 'image': 'https://storage.googleapis.com/download/storage/v1/b/usc-pro-uscweb-live-media/o/venues%2Foriginal_1688x950_StandUpPaddling%20(1)_1716906351740653_admin.jpg?generation=1751985931753365&amp;alt=media'}",47.670267,9.1543569,HEIUKI SUP &amp; Kajak Automat freut sich auf dich!
Hallenbad Hochdorf,['Swimming'],False,"['Essential', 'Classic', 'Premium', 'Max']",Essential,Hochdorf,Hochdorfer Straße 16B,https://urbansportsclub.com//en/venues/hallenbad-hochdorf-1,"{'@context': 'http://schema.org', '@type': 'LocalBusiness', 'name': 'Hallenbad Hochdorf', 'description': '', 'address': {'@type': 'PostalAddress', 'addressLocality': 'Freiburg, Germany', 'addressCountry': 'Germany', 'postalCode': '79108', 'streetAddress': 'Hochdorfer Straße 16B'}, 'telephone': '+44 7612 105550', 'geo': {'@type': 'GeoCoordinates', 'latitude': '48.0468883', 'longitude': '7.8010815'}, 'priceRange': '-', 'image': 'https://storage.googleapis.com/download/storage/v1/b/usc-pro-uscweb-live-media/o/venues%2Foriginal_640x360_r1ctmcbk4o3imf1ykubg_1756820771712854.png?generation=1756820771768974&amp;alt=media'}",48.0468883,7.8010815,
Hallenbad Lehen,['Swimming'],False,"['Essential', 'Classic', 'Premium', 'Max']",Essential,Lehen,Lindenstraße 4,https://urbansportsclub.com//en/venues/hallenbad-lehen-1,"{'@context': 'http://schema.org', '@type': 'LocalBusiness', 'name': 'Hallenbad Lehen', 'description': '', 'address': {'@type': 'PostalAddress', 'addressLocality': 'Freiburg, Germany', 'addressCountry': 'Germany', 'postalCode': '79110', 'streetAddress': 'Lindenstraße 4'}, 'telephone': '+44 7612 105540', 'geo': {'@type': 'GeoCoordinates', 'latitude': '48.0177035', 'longitude': '7.8049464'}, 'priceRange': '-', 'image': 'https://storage.googleapis.com/download/storage/v1/b/usc-pro-uscweb-live-media/o/venues%2Foriginal_640x360_tdlgeeonjogb0luuu5ii_175682080641388.png?generation=1756820806091559&amp;alt=media'}",48.0177035,7.8049464,
InTouch Massage Freiburg - Merzhausen,['Massage'],True,"['Premium', 'Max']",Premium,Merzhausen,Am Reichenbach 7A,https://urbansportsclub.com//en/venues/wh-intouch-massage-freiburg-merzhausen,"{'@context': 'http://schema.org', '@type': 'LocalBusiness', 'name': 'InTouch Massage Freiburg - Merzhausen', 'description': '', 'address': {'@type': 'PostalAddress', 'addressLocality': 'Freiburg, Germany', 'addressCountry': 'Germany', 'postalCode': '79249', 'streetAddress': 'Am Reichenbach 7A'}, 'telephone': '+49 175 9006179', 'geo': {'@type': 'GeoCoordinates', 'latitude': '47.971971', 'longitude': '7.8250807'}, 'priceRange': '-', 'image': 'https://storage.googleapis.com/download/storage/v1/b/usc-pro-uscweb-live-media/o/venues%2Foriginal_640x360_n6d24x8ir6dyldi5h9zo_1781038683235727.png?generation=1781038683371355&amp;alt=media'}",47.971971,7.8250807,
Institut für Yoga und Ayurveda,"['Meditation', 'Yoga']",False,"['Premium', 'Max']",Premium,Waldkirch,Kandelstraße 6,https://urbansportsclub.com//en/venues/institut-fur-yoga-und-ayurveda,"{'@context': 'http://schema.org', '@type': 'LocalBusiness', 'name': 'Institut für Yoga und Ayurveda', 'description': 'Institut für Yoga und Ayurveda freut sich auf deinen Besuch!', 'address': {'@type': 'PostalAddress', 'addressLocality': 'Freiburg, Germany', 'addressCountry': 'Germany', 'postalCode': '79183', 'streetAddress': 'Kandelstraße 6'}, 'telephone': '', 'geo': {'@type': 'GeoCoordinates', 'latitude': '48.0923939', 'longitude': '7.9637357'}, 'priceRange': '-', 'image': 'https://storage.googleapis.com/download/storage/v1/b/usc-pro-uscweb-live-media/o/de-live%2Foriginal_1688x950_YogaCompressed_1570626193395639_admin.jpg?alt=media'}",48.0923939,7.9637357,Institut für Yoga und Ayurveda freut sich auf deinen Besuch!
Kadampa Meditationszentrum Freiburg,['Meditation'],False,"['Classic', 'Premium', 'Max']",Classic,West,Adelheid-Steinmann-Straße 4,https://urbansportsclub.com//en/venues/kadampa-meditationszentrum-freiburg-1,"{'@context': 'http://schema.org', '@type': 'LocalBusiness', 'name': 'Kadampa Meditationszentrum Freiburg', 'description': 'Wir sind ein buddhistisches Zentrum Mitten in Freiburg direkt hinter dem Hauptbahnhof. Wir bieten Kurse über Meditation und modernen Buddhismus an, die besonders für den Alltag geeignet sind. Meditation ist das Herzstück des Buddhismus und so lehren wir über Jahrtausende bewährte Meditationsmethoden, die dir dabei helfen können, mit den Anforderungen des modernen Lebens besser klarzukommen. In unseren Meditationen lernst du inneren Frieden zu erleben, ein neues Selbstverständnis und Weisheit zu entwickeln, dein Herz zu öffnen — kurz: dein Wohlbefinden zu verbessern. Du musst nicht Buddhist sein oder sein wollen, um bei unseren Meditationskursen mitzumachen – jeder ist herzlich willkommen! Probiere es einfach mal aus – alle Termine können ohne Vorkenntnisse besucht werden. &#039;Wenn die Unruhe der ablenkenden Gedanken nachlässt und unser Geist still wird, steigen tiefes Glück und Zufriedenheit ganz natürlich aus unserem Inneren empor.&#039; Alle sind herzlich Willkommen!', 'address': {'@type': 'PostalAddress', 'addressLocality': 'Freiburg, Germany', 'addressCountry': 'Germany', 'postalCode': '79111', 'streetAddress': 'Adelheid-Steinmann-Straße 4'}, 'telephone': '', 'geo': {'@type': 'GeoCoordinates', 'latitude': '47.997682', 'longitude': '7.7959345'}, 'priceRange': '-', 'image': 'https://storage.googleapis.com/download/storage/v1/b/usc-pro-uscweb-live-media/o/venues%2Foriginal_692x389_nhcmrwyikmcnrkmnxe3h_1777023687497992.png?generation=1777023687620806&amp;alt=media'}",47.997682,7.7959345,"Wir sind ein buddhistisches Zentrum Mitten in Freiburg direkt hinter dem Hauptbahnhof. Wir bieten Kurse über Meditation und modernen Buddhismus an, die besonders für den Alltag geeignet sind. Meditation ist das Herzstück des Buddhismus und so lehren wir über Jahrtausende bewährte Meditationsmethoden, die dir dabei helfen können, mit den Anforderungen des modernen Lebens besser klarzukommen. In unseren Meditationen lernst du inneren Frieden zu erleben, ein neues Selbstverständnis und Weisheit zu entwickeln, dein Herz zu öffnen — kurz: dein Wohlbefinden zu verbessern. Du musst nicht Buddhist sein oder sein wollen, um bei unseren Meditationskursen mitzumachen – jeder ist herzlich willkommen! Probiere es einfach mal aus – alle Termine können ohne Vorkenntnisse besucht werden. &#039;Wenn die Unruhe der ablenkenden Gedanken nachlässt und unser Geist still wird, steigen tiefes Glück und Zufriedenheit ganz natürlich aus unserem Inneren empor.&#039; Alle sind herzlich Willkommen!"
Kaiserstuhlbad,['Swimming'],False,"['Essential', 'Classic', 'Premium', 'Max']",Essential,Ihringen,Sportzentrum Nachtwaid 1,https://urbansportsclub.com//en/venues/kaiserstuhlbad,"{'@context': 'http://schema.org', '@type': 'LocalBusiness', 'name': 'Kaiserstuhlbad', 'description': 'Das Kaiserstuhlbad freut sich auf Dich!', 'address': {'@type': 'PostalAddress', 'addressLocality': 'Freiburg, Germany', 'addressCountry': 'Germany', 'postalCode': '79241', 'streetAddress': 'Sportzentrum Nachtwaid 1'}, 'telephone': '', 'geo': {'@type': 'GeoCoordinates', 'latitude': '48.031129', 'longitude': '7.6582256'}, 'priceRange': '-', 'image': 'https://storage.googleapis.com/download/storage/v1/b/usc-pro-uscweb-live-media/o/de-live%2Foriginal_5184x2916_d7f01774449d-Ansicht_Schwimmbereich_und_Sprungbecken%20(1)_1653313279942847_admin.jpg?generation=1653313280199319&amp;alt=media'}",48.031129,7.6582256,Das Kaiserstuhlbad freut sich auf Dich!
Lahrer Hallenbad,['Swimming'],False,"['Essential', 'Classic', 'Premium', 'Max']",Essential,Lahr,Martin-Luther-Straße 22,https://urbansportsclub.com//en/venues/lahrer-hallenbad,"{'@context': 'http://schema.org', '@type': 'LocalBusiness', 'name': 'Lahrer Hallenbad', 'description': 'Die Bäder Lahr freuen sich auf deinen Besuch!', 'address': {'@type': 'PostalAddress', 'addressLocality': 'Freiburg, Germany', 'addressCountry': 'Germany', 'postalCode': '77933', 'streetAddress': 'Martin-Luther-Straße 22'}, 'telephone': '', 'geo': {'@type': 'GeoCoordinates', 'latitude': '48.3372', 'longitude': '7.85246'}, 'priceRange': '-', 'image': 'https://storage.googleapis.com/download/storage/v1/b/usc-pro-uscweb-live-media/o/de-live%2Foriginal_1688x950_SchwimmenCompressed_1574866161931039_admin.jpg?alt=media'}",48.3372,7.85246,Die Bäder Lahr freuen sich auf deinen Besuch!
Maitri Yoga Freiburg - Eschholzpark Stühlinger,['Yoga'],False,"['Classic', 'Premium', 'Max']",Classic,Stühlinger,Eschholzpark Freiburg,https://urbansportsclub.com//en/venues/maitri-yoga-freiburg-eschholzpark-freiburg-stuhling,"{'@context': 'http://schema.org', '@type': 'LocalBusiness', 'name': 'Maitri Yoga Freiburg - Eschholzpark Stühlinger', 'description': 'Maitri Yoga Freiburg mit Anett Falkenhagen steht für den Herzraum – authentisches Yoga verbunden mit Liebe und Mitgefühl. Hier wird an mehreren Tagen in der Woche Vinyasa Yoga in verschiedenen Kursformaten angeboten. Maitri Yoga verbindet bewusst den dynamischen Flow mit der inneren Ausrichtung und lässt Elemente aus der Alexander-Technik in die Yogapraxis einfließen. Dynamisches Vinyasa Yoga ist auf Themen gerichtet, wie z.B. die Stärkung des Rücken, Schulter- und Hüftöffnung, umfasst aber auch Bereiche wie z.B. Resilienz und die Energiezentren des Körpers. Erweitert wird das Maitri Yoga Angebot durch Vinyasa Restorative Yoga, das verstärkt mit Hilfsmitteln und teilweise sehr ruhigen Bewegungsabläufen arbeitet. Restorative Yoga zielt vorrangig auf die Entspannung und die Reduktion von Stresssymptomen. Weitere Kursangebote von Maitri Yoga sind Schwangerenyoga und Yoga nach der Geburt. Jede Yogapraxis beinhaltet Atemübungen und führt schrittweise in die Meditation. Durch Achtsamkeit und Selbstreflexion im Yoga kann es uns gelingen, das Positive, Kraftvolle und Heilsame in unserem Körper und Geist zu entfalten und zu stärken. Sowohl Anfänger als auch Fortgeschrittene sind in den Yogakursen von Maitri Yoga willkommen und es gibt keine Altersbeschränkung.', 'address': {'@type': 'PostalAddress', 'addressLocality': 'Freiburg, Germany', 'addressCountry': 'Germany', 'postalCode': '', 'streetAddress': 'Eschholzpark Freiburg'}, 'telephone': '', 'geo': {'@type': 'GeoCoordinates', 'latitude': '47.9984746', 'longitude': '7.8293129'}, 'priceRange': '-', 'image': 'https://storage.googleapis.com/download/storage/v1/b/usc-pro-uscweb-live-media/o/de-live%2Foriginal_1024x576__DJA7145_161677137861461_admin.jpg?alt=media'}",47.9984746,7.8293129,"Maitri Yoga Freiburg mit Anett Falkenhagen steht für den Herzraum – authentisches Yoga verbunden mit Liebe und Mitgefühl. Hier wird an mehreren Tagen in der Woche Vinyasa Yoga in verschiedenen Kursformaten angeboten. Maitri Yoga verbindet bewusst den dynamischen Flow mit der inneren Ausrichtung und lässt Elemente aus der Alexander-Technik in die Yogapraxis einfließen. Dynamisches Vinyasa Yoga ist auf Themen gerichtet, wie z.B. die Stärkung des Rücken, Schulter- und Hüftöffnung, umfasst aber auch Bereiche wie z.B. Resilienz und die Energiezentren des Körpers. Erweitert wird das Maitri Yoga Angebot durch Vinyasa Restorative Yoga, das verstärkt mit Hilfsmitteln und teilweise sehr ruhigen Bewegungsabläufen arbeitet. Restorative Yoga zielt vorrangig auf die Entspannung und die Reduktion von Stresssymptomen. Weitere Kursangebote von Maitri Yoga sind Schwangerenyoga und Yoga nach der Geburt. Jede Yogapraxis beinhaltet Atemübungen und führt schrittweise in die Meditation. Durch Achtsamkeit und Selbstreflexion im Yoga kann es uns gelingen, das Positive, Kraftvolle und Heilsame in unserem Körper und Geist zu entfalten und zu stärken. Sowohl Anfänger als auch Fortgeschrittene sind in den Yogakursen von Maitri Yoga willkommen und es gibt keine Altersbeschränkung."
"Malemara Oase für Entspannung, Schönheit & Heilung",['Massage'],True,"['Premium', 'Max']",Premium,Mitte,Poststraße 3,https://urbansportsclub.com//en/venues/malemara-oase-fur-entspannung-schonheit-heilung,"{'@context': 'http://schema.org', '@type': 'LocalBusiness', 'name': 'Malemara Oase für Entspannung, Schönheit &amp; Heilung', 'description': 'Malemara Oase für Entspannung, Schönheit &amp; Heilung freut sich auf deinen Besuch!', 'address': {'@type': 'PostalAddress', 'addressLocality': 'Freiburg, Germany', 'addressCountry': 'Germany', 'postalCode': '79098', 'streetAddress': 'Poststraße 3'}, 'telephone': '', 'geo': {'@type': 'GeoCoordinates', 'latitude': '47.9976164', 'longitude': '7.8446955'}, 'priceRange': '-', 'image': 'https://storage.googleapis.com/download/storage/v1/b/usc-pro-uscweb-live-media/o/de-live%2Foriginal_1686x948_MassageCompressed_1560423271471402_admin.jpg?alt=media'}",47.9976164,7.8446955,"Malemara Oase für Entspannung, Schönheit &amp; Heilung freut sich auf deinen Besuch!"
Maximilian Stritt,['Fitness'],False,"['Classic', 'Premium', 'Max']",Classic,Ihringen,Sportzentrum Nachtwaid,https://urbansportsclub.com//en/venues/fitness-mit-maximilian-ihringen,"{'@context': 'http://schema.org', '@type': 'LocalBusiness', 'name': 'Maximilian Stritt', 'description': 'Bist du bereit, deinen Körper zu transformieren, stärker zu werden und deine Ausdauer auf ein neues Level zu heben? Mein Sportkurs findet im atemberaubenden Dietenbach Park statt, der perfekte Ort, um deine Grenzen zu testen und deinen inneren Champion zu entfesseln! Ob du gerade erst anfängst oder schon ein altgedienter Fitness-Veteran bist, hier gibt es keine Ausreden, nur beeindruckende Ergebnisse. In der frischen Luft, umgeben von der Schönheit der Natur, werden wir gemeinsam schwitzen, kämpfen und uns herausfordern.Zieh deine Sportschuhe an, pack deine Entschlossenheit ein und mach dich bereit für die härteste, aber auch lohnendste Reise deines Lebens. Lass uns den Dietenbach Park in unser persönliches Fitnessstudio verwandeln und zusammen die Kontrolle über deine Fitness-Ziele übernehmen. Bist du bereit? Dann komm und tritt der Arena im Dietenbach Park bei. Deine Reise beginnt jetzt! Wann? Immrr Mittwochs 19 Uhr Wo? Dietenbachpark Robert-Ruh-Weg 1, 79114 Freiburg im Breisgau Name: Maximilian Stritt', 'address': {'@type': 'PostalAddress', 'addressLocality': 'Freiburg, Germany', 'addressCountry': 'Germany', 'postalCode': '79241', 'streetAddress': 'Sportzentrum Nachtwaid'}, 'telephone': '+49 177 3410995', 'geo': {'@type': 'GeoCoordinates', 'latitude': '48.0307053', 'longitude': '7.6552855'}, 'priceRange': '-', 'image': 'https://storage.googleapis.com/download/storage/v1/b/usc-pro-uscweb-live-media/o/de-live%2Foriginal_500x281_mjqwpaumwaqqmjbcywrz_1724852623573671.png?generation=1724852623670217&amp;alt=media'}",48.0307053,7.6552855,"Bist du bereit, deinen Körper zu transformieren, stärker zu werden und deine Ausdauer auf ein neues Level zu heben? Mein Sportkurs findet im atemberaubenden Dietenbach Park statt, der perfekte Ort, um deine Grenzen zu testen und deinen inneren Champion zu entfesseln! Ob du gerade erst anfängst oder schon ein altgedienter Fitness-Veteran bist, hier gibt es keine Ausreden, nur beeindruckende Ergebnisse. In der frischen Luft, umgeben von der Schönheit der Natur, werden wir gemeinsam schwitzen, kämpfen und uns herausfordern.Zieh deine Sportschuhe an, pack deine Entschlossenheit ein und mach dich bereit für die härteste, aber auch lohnendste Reise deines Lebens. Lass uns den Dietenbach Park in unser persönliches Fitnessstudio verwandeln und zusammen die Kontrolle über deine Fitness-Ziele übernehmen. Bist du bereit? Dann komm und tritt der Arena im Dietenbach Park bei. Deine Reise beginnt jetzt! Wann? Immrr Mittwochs 19 Uhr Wo? Dietenbachpark Robert-Ruh-Weg 1, 79114 Freiburg im Breisgau Name: Maximilian Stritt"
Natürlich Bewegen @ Freiburger Waldseilgarten,['Functional Training'],False,"['Premium', 'Max']",Premium,St. Georgen,Opfinger Str. 190,https://urbansportsclub.com//en/venues/natrlich-bewegen-freiburger-waldseilgarten,"{'@context': 'http://schema.org', '@type': 'LocalBusiness', 'name': 'Natürlich Bewegen @ Freiburger Waldseilgarten', 'description': '.', 'address': {'@type': 'PostalAddress', 'addressLocality': 'Freiburg, Germany', 'addressCountry': 'Germany', 'postalCode': '79111', 'streetAddress': 'Opfinger Str. 190'}, 'telephone': '', 'geo': {'@type': 'GeoCoordinates', 'latitude': '47.9956833', 'longitude': '7.780878'}, 'priceRange': '-', 'image': 'https://storage.googleapis.com/download/storage/v1/b/usc-pro-uscweb-live-media/o/de-live%2Foriginal_1688x949_nnlszfffq5dsepny2dy0_1712914075346500.png?generation=1712914075464080&amp;alt=media'}",47.9956833,7.780878,.
Outdoor Gym Freiburg - Dreieckswiese,['Fitness'],False,"['Classic', 'Premium', 'Max']",Classic,Waldsee,Sandfangweg 3,https://urbansportsclub.com//en/venues/outdoor-gym-freiburg-dreieckswiese,"{'@context': 'http://schema.org', '@type': 'LocalBusiness', 'name': 'Outdoor Gym Freiburg - Dreieckswiese', 'description': 'Seit 2010 ist die Outdoor Gym Bewegung stetig gewachsen und unzählige Menschen konnten ihre Lebensqualität mit unserem Training spürbar steigern. Unsere moderne Zeit hat den Menschen aus der Natur in Städte, Häuser, Büros und Fitness Studios geführt. Outdoor Gym Training ist natürliche Bewegung mit und in der Natur. Das beste “Fitnessgerät” der Welt ist unser eigener Körper! Bei den Trainings von Outdoor Gym erfährst du die Vielfältigkeit deines Körpers und dass in dem Wort Bewegungsfreude auch wirklich ganz viel Freude steckt. Der direkte Kontakt zur Natur, die Hände auf dem Waldboden, Regentropfen auf der Haut, Sommersonne und eiskalter Winteratem sind wichtige Reize für unser Immunsystem. Diese natürlichen Reize machen uns nicht schwächer, sondern stärker! Ein gesunder Körper ist belastbar, flexibel und ausdauernd. Genau das trainieren wir in unseren Kursangeboten. Dabei stehen der direkte Kontakt zur Natur und das soziale Miteinander im Vordergrund. Also runter vom Sofa und rein in gesundem Outdoor Spaß mit gleichgesinnten Menschen, geleitet von motivierenden Fitnesstrainern. Für weitere Informationen über unser Kursangebot: www.outdoorgym.de Back to draußen mit Outdoor Gym! Ganz viel Spaß!', 'address': {'@type': 'PostalAddress', 'addressLocality': 'Freiburg, Germany', 'addressCountry': 'Germany', 'postalCode': '79102', 'streetAddress': 'Sandfangweg 3'}, 'telephone': '', 'geo': {'@type': 'GeoCoordinates', 'latitude': '47.9912156', 'longitude': '7.8797485'}, 'priceRange': '-', 'image': 'https://storage.googleapis.com/download/storage/v1/b/usc-pro-uscweb-live-media/o/venues%2Foriginal_2400x1350_Outdoorgym-2021-11-12-web-03%20(1)_1701953727155681_admin.jpg?generation=1751983739326996&amp;alt=media'}",47.9912156,7.8797485,"Seit 2010 ist die Outdoor Gym Bewegung stetig gewachsen und unzählige Menschen konnten ihre Lebensqualität mit unserem Training spürbar steigern. Unsere moderne Zeit hat den Menschen aus der Natur in Städte, Häuser, Büros und Fitness Studios geführt. Outdoor Gym Training ist natürliche Bewegung mit und in der Natur. Das beste “Fitnessgerät” der Welt ist unser eigener Körper! Bei den Trainings von Outdoor Gym erfährst du die Vielfältigkeit deines Körpers und dass in dem Wort Bewegungsfreude auch wirklich ganz viel Freude steckt. Der direkte Kontakt zur Natur, die Hände auf dem Waldboden, Regentropfen auf der Haut, Sommersonne und eiskalter Winteratem sind wichtige Reize für unser Immunsystem. Diese natürlichen Reize machen uns nicht schwächer, sondern stärker! Ein gesunder Körper ist belastbar, flexibel und ausdauernd. Genau das trainieren wir in unseren Kursangeboten. Dabei stehen der direkte Kontakt zur Natur und das soziale Miteinander im Vordergrund. Also runter vom Sofa und rein in gesundem Outdoor Spaß mit gleichgesinnten Menschen, geleitet von motivierenden Fitnesstrainern. Für weitere Informationen über unser Kursangebot: www.outdoorgym.de Back to draußen mit Outdoor Gym! Ganz viel Spaß!"
Physio-Point Kehl,['Fitness'],False,"['Classic', 'Premium', 'Max']",Classic,Kehl,Am Sundheimer Fort 1,https://urbansportsclub.com//en/venues/physio-point-kehl,"{'@context': 'http://schema.org', '@type': 'LocalBusiness', 'name': 'Physio-Point Kehl', 'description': 'Wir bieten Euch moderne Trainingsgeräte, tolle Atmosphäre und hoch qualifiziertes Personal um Euch bei Eurem Gesundheitstraining zu unterstützen, egal ob an den Geräten oder in unseren verschiedenen Kursangeboten Facebook: Physiopoint-kehl.de', 'address': {'@type': 'PostalAddress', 'addressLocality': 'Freiburg, Germany', 'addressCountry': 'Germany', 'postalCode': '77694', 'streetAddress': 'Hauptstr 57'}, 'telephone': '', 'geo': {'@type': 'GeoCoordinates', 'latitude': '48.573532', 'longitude': '7.8104192'}, 'priceRange': '-', 'image': 'https://storage.googleapis.com/download/storage/v1/b/usc-pro-uscweb-live-media/o/de-live%2Foriginal_4032x2268_b8d892d2cde8-4B1D5997_CDEE_4086_B562_7CC075B1B95B_1672325420193031_admin.jpeg?generation=1672325420267988&amp;alt=media'}",48.573532,7.8104192,"Wir bieten Euch moderne Trainingsgeräte, tolle Atmosphäre und hoch qualifiziertes Personal um Euch bei Eurem Gesundheitstraining zu unterstützen, egal ob an den Geräten oder in unseren verschiedenen Kursangeboten Facebook: Physiopoint-kehl.de"
Pilates mit Iris Jacobs,['Yoga'],False,"['Essential', 'Classic', 'Premium', 'Max']",Essential,Vauban,Alfred-Döblin-Platz 1,https://urbansportsclub.com//en/venues/pilates-mit-iris-jacobs,"{'@context': 'http://schema.org', '@type': 'LocalBusiness', 'name': 'Pilates mit Iris Jacobs', 'description': '', 'address': {'@type': 'PostalAddress', 'addressLocality': 'Freiburg, Germany', 'addressCountry': 'Germany', 'postalCode': '79100', 'streetAddress': 'Alfred-Döblin-Platz 1'}, 'telephone': '', 'geo': {'@type': 'GeoCoordinates', 'latitude': '47.9752749', 'longitude': '7.8253345'}, 'priceRange': '-', 'image': 'https://storage.googleapis.com/download/storage/v1/b/usc-pro-uscweb-live-media/o/venues%2Foriginal_640x360_jip5daxdv5gu98mgwz4j_1752775555393384.png?generation=1752775555485456&amp;alt=media'}",47.9752749,7.8253345,
Rucking in Freiburg,['Hiking'],False,"['Classic', 'Premium', 'Max']",Classic,Merzhausen,Spemannplatz 1,https://urbansportsclub.com//en/venues/rucking-in-freiburg,"{'@context': 'http://schema.org', '@type': 'LocalBusiness', 'name': 'Rucking in Freiburg', 'description': '', 'address': {'@type': 'PostalAddress', 'addressLocality': 'Freiburg, Germany', 'addressCountry': 'Germany', 'postalCode': '79100', 'streetAddress': 'Spemannplatz 1'}, 'telephone': '', 'geo': {'@type': 'GeoCoordinates', 'latitude': '47.9715107', 'longitude': '7.8379755'}, 'priceRange': '-', 'image': 'https://storage.googleapis.com/download/storage/v1/b/usc-pro-uscweb-live-media/o/venues%2Foriginal_1024x576_rhzh2glcymsvqopr4ekg_1761574159992805.png?generation=1761574160103450&amp;alt=media'}",47.9715107,7.8379755,
SPACE of Dance Studio,"['Dance', 'Pilates']",False,"['Classic', 'Premium', 'Max']",Classic,Lahr,Breisgaustraße 39,https://urbansportsclub.com//en/venues/dancefit-tanz-fitnessstudio-lahr,"{'@context': 'http://schema.org', '@type': 'LocalBusiness', 'name': 'SPACE of Dance Studio', 'description': 'Herzlich Willkommen im SPACE of Dance Studio Lahr Nimm dir Zeit, um Fit und glücklich zu sein. Seit April 2012 sind wir ein Familienunternehmen. Bei uns erwartet dich eine große Auswahl an aktuellen Fitness- und Tanzkursen für Erwachsene, Jugendliche und Kinder. Unsere qualifizierten Trainer unterrichten in kleinen Gruppen und können so auf deine individuellen Ziele eingehen. Dabei ist uns dein Wohlbefinden und der Spaß sehr wichtig. Wir spezialisieren uns auf verschiedene Gruppen Fitness Kurse. Ist dein Ziel deine Figur in Form zu bringen, dann besuche unsere Kurse wie Hoopin® Bauch Spezial mit Reifen, Fitness Mix, Bauch-Beine-Po oder 4D Pro Bungee Fitness. Möchtest du es ruhiger angehen lassen oder dich entspannen wären Kurse wie Pilates, Yoga oder RückenFit &amp; BlackRoll das richtige für dich. Liebst du es, sich zur Musik zu bewegen? Dann tanze gemeinsam mit uns die leichten Schrittfolgen im Hip-Hop Kurs oder in unseren Zumba Kursen. Einstieg in die Kurse ist jederzeit möglich. Auf unserer Homepage kannst du mehr Infos über uns und die Kurse finden. Wir freuen uns auf dich! Dein DanceFit Team', 'address': {'@type': 'PostalAddress', 'addressLocality': 'Freiburg, Germany', 'addressCountry': 'Germany', 'postalCode': '77933', 'streetAddress': 'Breisgaustraße 39'}, 'telephone': '+49 179 2188117', 'geo': {'@type': 'GeoCoordinates', 'latitude': '48.333164', 'longitude': '7.8431687'}, 'priceRange': '-', 'image': 'https://storage.googleapis.com/download/storage/v1/b/usc-pro-uscweb-live-media/o/de-live%2Foriginal_1024x576_pmg4yepf85wsvog1jacw_1683715495514891.png?generation=1683715495594694&amp;alt=media'}",48.333164,7.8431687,"Herzlich Willkommen im SPACE of Dance Studio Lahr Nimm dir Zeit, um Fit und glücklich zu sein. Seit April 2012 sind wir ein Familienunternehmen. Bei uns erwartet dich eine große Auswahl an aktuellen Fitness- und Tanzkursen für Erwachsene, Jugendliche und Kinder. Unsere qualifizierten Trainer unterrichten in kleinen Gruppen und können so auf deine individuellen Ziele eingehen. Dabei ist uns dein Wohlbefinden und der Spaß sehr wichtig. Wir spezialisieren uns auf verschiedene Gruppen Fitness Kurse. Ist dein Ziel deine Figur in Form zu bringen, dann besuche unsere Kurse wie Hoopin® Bauch Spezial mit Reifen, Fitness Mix, Bauch-Beine-Po oder 4D Pro Bungee Fitness. Möchtest du es ruhiger angehen lassen oder dich entspannen wären Kurse wie Pilates, Yoga oder RückenFit &amp; BlackRoll das richtige für dich. Liebst du es, sich zur Musik zu bewegen? Dann tanze gemeinsam mit uns die leichten Schrittfolgen im Hip-Hop Kurs oder in unseren Zumba Kursen. Einstieg in die Kurse ist jederzeit möglich. Auf unserer Homepage kannst du mehr Infos über uns und die Kurse finden. Wir freuen uns auf dich! Dein DanceFit Team"
Wellness & GHZ Solemar - Salzgrotte,['Wellness'],False,"['Classic', 'Premium', 'Max']",Classic,Bad Dürrheim,Huberstraße 8,https://urbansportsclub.com//en/venues/wellness-ghz-solemar-salzgrotte,"{'@context': 'http://schema.org', '@type': 'LocalBusiness', 'name': 'Wellness &amp; GHZ Solemar - Salzgrotte', 'description': 'Fitness im Solemar Bad Dürrheim Trainieren Sie auf über 800 m² unter therapeutischer Anleitung! Entdecken Sie das Fitnessstudio im Wellness- und Gesundheitszentrum Solemar in Bad Dürrheim mit modernen Geräten und einem Kursangebot von über 50 Kursen pro Woche. All unsere Kurse entsprechen den Richtlinien nach §20 SGB V und können von Ihrer Krankenkasse bezuschusst werden. Mit modernsten Trainingsgeräten mit integrierter Trainingssoftware wird das Training in unserem Fitnessstudio auf allen Ebenen professionell gesteuert und dokumentiert. Unterstützt durch das Fachwissen von diplomierten und examinierten Sportlehrern ermöglichen wir Ihnen ein optimales Training für optimalen Erfolg. Das Fitnessstudio im Solemar bietet Ihnen mit den neuen Trainingsgeräten zahlreiche Vorteile: •tEinen leichten Einstieg •tMaximales Bewegungsausmaß •tBestmögliche Benutzerfreundlichkeit •tFunktionsnahe Bewegungen Alle Trainingsgeräte sind so ausgewählt, dass Menschen aller Altersstufen und Fitnesslevels gleichermaßen ein ganz individuelles Training ermöglicht wird. Haben Sie Fragen, möchten Sie weitere Informationen oder ein Probetraining vereinbaren? Kontaktieren Sie uns unter Tel. 0 77 26 / 66 63 08 oder per E-Mail info@solemar.de. Wir freuen uns auf Ihren Besuch! www.fitness-solemar.de', 'address': {'@type': 'PostalAddress', 'addressLocality': 'Freiburg, Germany', 'addressCountry': 'Germany', 'postalCode': '78073', 'streetAddress': 'Huberstraße 8'}, 'telephone': '+49 7726 666292', 'geo': {'@type': 'GeoCoordinates', 'latitude': '48.01593', 'longitude': '8.53446'}, 'priceRange': '-', 'image': 'https://storage.googleapis.com/download/storage/v1/b/usc-pro-uscweb-live-media/o/de-live%2Foriginal_2912x1638__MG_1768_1582116498232086_admin.jpg?alt=media'}",48.01593,8.53446,"Fitness im Solemar Bad Dürrheim Trainieren Sie auf über 800 m² unter therapeutischer Anleitung! Entdecken Sie das Fitnessstudio im Wellness- und Gesundheitszentrum Solemar in Bad Dürrheim mit modernen Geräten und einem Kursangebot von über 50 Kursen pro Woche. All unsere Kurse entsprechen den Richtlinien nach §20 SGB V und können von Ihrer Krankenkasse bezuschusst werden. Mit modernsten Trainingsgeräten mit integrierter Trainingssoftware wird das Training in unserem Fitnessstudio auf allen Ebenen professionell gesteuert und dokumentiert. Unterstützt durch das Fachwissen von diplomierten und examinierten Sportlehrern ermöglichen wir Ihnen ein optimales Training für optimalen Erfolg. Das Fitnessstudio im Solemar bietet Ihnen mit den neuen Trainingsgeräten zahlreiche Vorteile: •tEinen leichten Einstieg •tMaximales Bewegungsausmaß •tBestmögliche Benutzerfreundlichkeit •tFunktionsnahe Bewegungen Alle Trainingsgeräte sind so ausgewählt, dass Menschen aller Altersstufen und Fitnesslevels gleichermaßen ein ganz individuelles Training ermöglicht wird. Haben Sie Fragen, möchten Sie weitere Informationen oder ein Probetraining vereinbaren? Kontaktieren Sie uns unter Tel. 0 77 26 / 66 63 08 oder per E-Mail info@solemar.de. Wir freuen uns auf Ihren Besuch! www.fitness-solemar.de"
Womensportsclub @ Seepark - SportBox,['Fitness'],False,"['Essential', 'Classic', 'Premium', 'Max']",Essential,Stühlinger,"SportBox, Seepark",https://urbansportsclub.com//en/venues/seepark-sportbox,"{'@context': 'http://schema.org', '@type': 'LocalBusiness', 'name': 'Womensportsclub @ Seepark - SportBox', 'description': '', 'address': {'@type': 'PostalAddress', 'addressLocality': 'Freiburg, Germany', 'addressCountry': 'Germany', 'postalCode': '79110', 'streetAddress': 'Berliner Allee'}, 'telephone': '', 'geo': {'@type': 'GeoCoordinates', 'latitude': '48.006549341', 'longitude': '7.826680328'}, 'priceRange': '-', 'image': 'https://storage.googleapis.com/download/storage/v1/b/usc-pro-uscweb-live-media/o/de-live%2Foriginal_1688x949_aer0zmzaz1uj6qd8opbg_1733922117478959.png?generation=1733922117535408&amp;alt=media'}",48.006549341,7.826680328,
Yoga Akademie - Vinyasa und Pranayama mit Anna,['Yoga'],False,"['Classic', 'Premium', 'Max']",Classic,Wiehre,Brombergstraße 17c,https://urbansportsclub.com//en/venues/yoga-akademie-vinyasa-und-pranayama-mit-anna,"{'@context': 'http://schema.org', '@type': 'LocalBusiness', 'name': 'Yoga Akademie - Vinyasa und Pranayama mit Anna', 'description': 'Yoga Akademie - Vinyasa und Pranayama mit Anna freut sich auf Dich!', 'address': {'@type': 'PostalAddress', 'addressLocality': 'Freiburg, Germany', 'addressCountry': 'Germany', 'postalCode': '79102', 'streetAddress': 'Brombergstraße 17c'}, 'telephone': '', 'geo': {'@type': 'GeoCoordinates', 'latitude': '47.98747', 'longitude': '7.85146'}, 'priceRange': '-', 'image': 'https://storage.googleapis.com/download/storage/v1/b/usc-pro-uscweb-live-media/o/de-live%2Foriginal_1688x950_Yoga%20(5)_1680081137924657_admin.jpg?generation=1680081137989862&amp;alt=media'}",47.98747,7.85146,Yoga Akademie - Vinyasa und Pranayama mit Anna freut sich auf Dich!
Yogasmile - Quartierstreff 33,['Yoga'],False,"['Classic', 'Premium', 'Max']",Classic,Altstadt,Wannerstraße 33,https://urbansportsclub.com//en/venues/yogasmile-quartierstreff-33,"{'@context': 'http://schema.org', '@type': 'LocalBusiness', 'name': 'Yogasmile - Quartierstreff 33', 'description': '', 'address': {'@type': 'PostalAddress', 'addressLocality': 'Freiburg, Germany', 'addressCountry': 'Germany', 'postalCode': '79106', 'streetAddress': 'Wannerstraße 33'}, 'telephone': '', 'geo': {'@type': 'GeoCoordinates', 'latitude': '47.9992972', 'longitude': '7.8343558'}, 'priceRange': '-', 'image': 'https://storage.googleapis.com/download/storage/v1/b/usc-pro-uscweb-live-media/o/venues%2Foriginal_640x360_z4koqykdjgdjbsajhu3r_1759408007326333.png?generation=1759408007410683&amp;alt=media'}",47.9992972,7.8343558,
actiMo-Sportangebote,"['Fitness', 'Functional Training', 'Indoor Cycling', 'Pilates', 'Yoga']",False,"['Classic', 'Premium', 'Max']",Classic,Nord,Karlsruher Str. 52,https://urbansportsclub.com//en/venues/actimo-training,"{'@context': 'http://schema.org', '@type': 'LocalBusiness', 'name': 'actiMo-Sportangebote ', 'description': 'Mohamed Saleh Sport- und Gesundheits-Pädagoge (Bachelor of Physical Education) Seit mehr als 15 Jahren lebe ich Sport als Beruf und Berufung zugleich. Nach dem Studium Bachelor of Physical Education und dem Erwerb von Lizenzen für Personal Training und Kinder Training habe ich als Sportlehrer und Fitness Coach viel Berufserfahrung in meinem Heimatland Ägypten gesammelt. Seit 2009 arbeite ich in Deutschland als selbständiger Fitness-Trainer. Zahlreiche Qualifikationen und Auszeichnungen sind der Beleg für meine kontinuierliche Weiterbildungsbereitschaft und gewährleisten Trainings nach den neuesten Erkenntnissen der Sportwissenschaft. Meine Kunden schätzen an mir besonders die persönliche und offene Betreuungsform. Deshalb biete ich das neue Konzept Spezifisches Krafttraining`` an, ein Personal Training in der Gruppe. Ich freue mich auf euch .', 'address': {'@type': 'PostalAddress', 'addressLocality': 'Freiburg, Germany', 'addressCountry': 'Germany', 'postalCode': '79108', 'streetAddress': 'Karlsruher Str. 52'}, 'telephone': '+49 172 6667132', 'geo': {'@type': 'GeoCoordinates', 'latitude': '48.0189586', 'longitude': '7.8526194'}, 'priceRange': '-', 'image': 'https://storage.googleapis.com/download/storage/v1/b/usc-pro-uscweb-live-media/o/de-live%2Foriginal_1100x619_inlineattachment_0_157986037666182_admin.png?alt=media'}",48.0189586,7.8526194,"Mohamed Saleh Sport- und Gesundheits-Pädagoge (Bachelor of Physical Education) Seit mehr als 15 Jahren lebe ich Sport als Beruf und Berufung zugleich. Nach dem Studium Bachelor of Physical Education und dem Erwerb von Lizenzen für Personal Training und Kinder Training habe ich als Sportlehrer und Fitness Coach viel Berufserfahrung in meinem Heimatland Ägypten gesammelt. Seit 2009 arbeite ich in Deutschland als selbständiger Fitness-Trainer. Zahlreiche Qualifikationen und Auszeichnungen sind der Beleg für meine kontinuierliche Weiterbildungsbereitschaft und gewährleisten Trainings nach den neuesten Erkenntnissen der Sportwissenschaft. Meine Kunden schätzen an mir besonders die persönliche und offene Betreuungsform. Deshalb biete ich das neue Konzept Spezifisches Krafttraining`` an, ein Personal Training in der Gruppe. Ich freue mich auf euch ."
fortis® Freiburg,"['Fitness', 'Functional Training', 'Pilates']",False,"['Classic', 'Premium', 'Max']",Classic,Altstadt,Kaiser-Joseph-Straße 274,https://urbansportsclub.com//en/venues/fortis-freiburg,"{'@context': 'http://schema.org', '@type': 'LocalBusiness', 'name': 'fortis® Freiburg', 'description': 'fortis®-das Studio für Therapie und Training in Freiburg In einem lässigen Studio mitten in Freiburgs Innenstadt bieten wir die perfekte Kombination aus Physiotherapie, Training und Prävention. Neben unserem hohen qualitativen Anspruch geben wir alles, dass Physiotherapie auch Spaß machen kann. Im Training dürfen Sie schnaufen und schwitzen und sich bei der &quot;Kleinen Meerjungfrau&quot; von Pilates verbiegen.', 'address': {'@type': 'PostalAddress', 'addressLocality': 'Freiburg, Germany', 'addressCountry': 'Germany', 'postalCode': '79098', 'streetAddress': 'Kaiser-Joseph-Straße 274'}, 'telephone': '', 'geo': {'@type': 'GeoCoordinates', 'latitude': '47.9915036', 'longitude': '7.8481131'}, 'priceRange': '-', 'image': 'https://storage.googleapis.com/download/storage/v1/b/usc-pro-uscweb-live-media/o/de-live%2Foriginal_1024x576_fee119dff2f3-27368612_1811384672225422_1831758294683092206_o_1559036619380175_admin.jpg?alt=media'}",47.9915036,7.8481131,"fortis®-das Studio für Therapie und Training in Freiburg In einem lässigen Studio mitten in Freiburgs Innenstadt bieten wir die perfekte Kombination aus Physiotherapie, Training und Prävention. Neben unserem hohen qualitativen Anspruch geben wir alles, dass Physiotherapie auch Spaß machen kann. Im Training dürfen Sie schnaufen und schwitzen und sich bei der &quot;Kleinen Meerjungfrau&quot; von Pilates verbiegen."
